month,soc2d_code,employment_nsa,employment_sa,active_postings_nsa,active_postings_sa,soc2d_name,count,salary_nsa,salary_sa,rl_hiring_rate_nsa,rl_attrition_rate_nsa,rl_hiring_rate,rl_attrition_rate
2021-01-01,11,19975401,19939507,,,Management,,,,0.4940706293798578,0.4446327230894639,0.297548706447572,0.2847066446568485
2021-02-01,11,19958977,19983309,,,Management,,,,0.2562953267827844,0.2668257061828725,0.3053377709495236,0.2790343471321494
2021-03-01,11,20026171,20048324,,,Management,,,,0.3113613416509221,0.2718678505383487,0.3361733793810576,0.2972577571844757
2021-04-01,11,20070789,20090219,,,Management,,,,0.3092715561374691,0.2837807533401565,0.3214170577182423,0.2963936247848318
2021-05-01,11,20131122,20143818,,,Management,,,,0.3296312053209893,0.2944638991844626,0.3304249262324939,0.2984946842270627
2021-06-01,11,20202021,20215485,,,Management,,,,0.3748787696543744,0.3337964829864566,0.3624116447432468,0.3198696500606866
2021-07-01,11,20254447,20269159,,,Management,,,,0.3643970381168184,0.3340355888741091,0.3435575575635347,0.3117811604832478
2021-08-01,11,20355121,20324015,,,Management,,,,0.4070386377349539,0.348255282381382,0.3647929835847072,0.3324031214866797
2021-09-01,11,20402031,20378869,,,Management,,,,0.3511268008427786,0.323840778125881,0.3547140206047239,0.3224138747383716
2021-10-01,11,20465525,20433482,,,Management,,,,0.3435054825772139,0.306969459290266,0.3571782416015487,0.3251065276521844
2021-11-01,11,20519665,20503309,,,Management,,,,0.3127063728280605,0.2816361057630184,0.3963664891527995,0.3554982611913422
2021-12-01,11,20530593,20560589,,,Management,,,,0.2496803460599774,0.2439175096719271,0.3648765087367475,0.3314451929953231
2022-01-01,11,20645596,20613987,2597208.0,2810772.2162810103,Management,611536.0,72793.0,71264.0,0.5677630535172182,0.5026963692514982,0.3563255541252808,0.3252417312150364
2022-02-01,11,20650669,20673424,2767492.0,2898487.238124668,Management,565178.0,73191.0,72338.0,0.3125604629291711,0.310092136398202,0.3674971344566089,0.332996068957044
2022-03-01,11,20715649,20735543,2832379.0,2786613.579055196,Management,621367.0,71539.0,72557.0,0.35133962357069,0.3143503089346976,0.3751111106750945,0.3391619815126857
2022-04-01,11,20761721,20781876,2710582.0,2752568.4622764112,Management,598076.0,73515.0,73378.0,0.3500428516702058,0.3242156348729175,0.3601016452997526,0.3333483063180504
2022-05-01,11,20830894,20843630,3044976.0,2884572.2774061514,Management,460953.0,71315.0,70879.0,0.3719964391396363,0.3328221121001644,0.3715547197466053,0.3360017903124914
2022-06-01,11,20884400,20897449,2454211.0,2369396.6020084904,Management,477884.0,72681.0,73257.0,0.37843383117924,0.3483012644982478,0.3641919816419938,0.3332880743014376
2022-07-01,11,20928388,20943943,2392249.0,2395026.389305336,Management,445968.0,74205.0,74551.0,0.3685896411188177,0.3441487530957831,0.346700812606012,0.320061630525482
2022-08-01,11,21026012,20996377,2413796.0,2335613.74494136,Management,494270.0,73444.0,74546.0,0.4095533291626528,0.3547619313964682,0.3688651979469797,0.3388968535710364
2022-09-01,11,21057523,21035080,2302239.0,2393431.624383327,Management,461330.0,75109.0,75159.0,0.3391361745949775,0.3217136366494072,0.3420836975984072,0.3200048636739128
2022-10-01,11,21107146,21074863,2349110.0,2360507.0148471314,Management,366190.0,72424.0,73488.0,0.3321860603026335,0.3046712393735423,0.3448476112301101,0.3221953597398923
2022-11-01,11,21134475,21116013,2308012.0,2361183.9794053524,Management,319583.0,73295.0,73630.0,0.2677877358705761,0.2529460368165314,0.3420290749746837,0.3186436687873657
2022-12-01,11,21125280,21150212,2218663.0,2333796.072012391,Management,308389.0,74793.0,73663.0,0.2287921100347945,0.2350953005236811,0.3310753936936282,0.3116721289813734
2023-01-01,11,21206355,21180688,2309621.0,2409591.5607804847,Management,451329.0,78412.0,76694.0,0.5160241071264415,0.4716631990557605,0.3292019236119859,0.3119366633256375
2023-02-01,11,21180792,21206335,2134300.0,2199205.693324833,Management,442994.0,78203.0,77541.0,0.2731277009674849,0.2880816456560254,0.3239798589843935,0.309466748605904
2023-03-01,11,21216362,21235136,2308652.0,2222520.891886381,Management,465386.0,78570.0,79657.0,0.3042605902080112,0.2848988523567433,0.3223462069840074,0.3060708156637291
2023-04-01,11,21228229,21247647,2157201.0,2147929.1223684778,Management,461128.0,81199.0,81154.0,0.2973880054785756,0.2923173973116792,0.3041970430998764,0.2971319701220598
2023-05-01,11,21268704,21279348,2003278.0,1963455.789535607,Management,494350.0,80050.0,80280.0,0.329170584821723,0.3071567463100171,0.3289956276646523,0.3111181288781016
2023-06-01,11,21288222,21302116,2092710.0,2041642.789069692,Management,492070.0,80641.0,80758.0,0.333279079227073,0.3231192152478229,0.3200433796561408,0.3072179109130057
2023-07-01,11,21306652,21320432,1987210.0,1986018.580651915,Management,423414.0,80644.0,80732.0,0.3400472993875297,0.3311622316955344,0.3176628327674924,0.3073537997972491
2023-08-01,11,21362458,21331315,1994186.0,1939134.3714520817,Management,481123.0,80775.0,81365.0,0.3549693056026419,0.3241311966876816,0.316555767641197,0.3104329187386405
2023-09-01,11,21367867,21343865,1979978.0,1930681.2897583367,Management,406604.0,79448.0,79259.0,0.3065597050040384,0.3040146111831385,0.3087324962608143,0.3016760929189329
2023-10-01,11,21400127,21368730,2068924.0,2031564.57228844,Management,416647.0,81682.0,82597.0,0.3084977049661702,0.2910114654937394,0.3215856738586096,0.3076217257868396
2023-11-01,11,21407181,21389152,1766106.0,1824313.2693613044,Management,389078.0,82934.0,83058.0,0.2447824051338652,0.2419832450425077,0.3144719841835565,0.3030146894564746
2023-12-01,11,21382432,21402010,1654414.0,1748287.2002640965,Management,336333.0,83449.0,83155.0,0.2142612572869582,0.2288280493165511,0.3058160797831395,0.2986071003609575
2024-01-01,11,21437357,21421569,1825864.0,1870740.5261042293,Management,504895.0,86787.0,83903.0,0.4798263593742832,0.450657208116322,0.3144406107675861,0.3034831515223159
2024-02-01,11,21411005,21441944,1657401.0,1709821.5606245475,Management,423720.0,85102.0,84662.0,0.2660919225766919,0.2814768289491249,0.3161170841445129,0.3047142309696571
2024-03-01,11,21430292,21452532,1771900.0,1686233.2261586508,Management,438758.0,84346.0,85191.0,0.2829802996027469,0.2727879251781239,0.295508047072399,0.2895860186525889
2024-04-01,11,21445470,21464154,1738837.0,1700957.1752916812,Management,516678.0,88141.0,88257.0,0.3078135242396284,0.3008725135327591,0.3119915975781657,0.3054940824401873
2024-05-01,11,21460365,21471204,1715992.0,1693887.6257150895,Management,544814.0,91189.0,92360.0,0.3062783873643412,0.2986314339352152,0.3057478582782689,0.3018075035727208
2024-06-01,11,21460893,21470007,1724957.0,1700966.368289237,Management,516348.0,92333.0,92439.0,0.315697603116935,0.3164533953097294,0.2998651984461964,0.3005338509538998
2024-07-01,11,21475619,21481566,1736991.0,1736333.5598525426,Management,490028.0,90163.0,89939.0,0.3355668872437782,0.3283680034374484,0.3098830996182092,0.3034265888712645
2024-08-01,11,21521438,21485321,1811729.0,1813253.118937778,Management,510203.0,91487.0,91900.0,0.3378157297676409,0.3131440263139398,0.3042458067480662,0.3021491283614054
2024-09-01,11,21519336,21493743,1748804.0,1714833.6169698895,Management,470530.0,90796.0,90651.0,0.3018171690626663,0.3034774072757377,0.3036212799468026,0.2989192681814139
2024-10-01,11,21526987,21497288,1732718.0,1674977.1787237588,Management,501559.0,90526.0,91992.0,0.2824276460026438,0.2786116883281174,0.2957809893651434,0.2938014520284894
2024-11-01,11,21517236,21500734,1610022.0,1701078.776756114,Management,423002.0,91267.0,91985.0,0.2342869102943582,0.2402331667773888,0.3017264534274989,0.2998032271777749
2024-12-01,11,21485051,21500017,1507188.0,1610326.5443395537,Management,335753.0,88308.0,89055.0,0.2178303551737522,0.2370008437735415,0.3054137011990062,0.3058147922632392
2025-01-01,11,21505721,21501121,1590731.0,1582508.08671678,Management,500537.0,90827.0,86396.0,0.4495630128117445,0.4395067008296693,0.3026005778147663,0.3019839612893572
2025-02-01,11,21453926,21491102,1600013.0,1626834.091867145,Management,475303.0,92712.0,91030.0,0.248967806085585,0.2787066960893856,0.2972934424122538,0.3028880313194418
2025-03-01,11,21452988,21479992,1598587.0,1513020.1647685876,Management,388494.0,89094.0,89306.0,0.2824517388392548,0.2833875620814586,0.2911729428066349,0.2973780256628389
2025-04-01,11,21439423,21457523,1589379.0,1527205.2511652713,Management,342595.0,87943.0,88266.0,0.2858715392035811,0.2951976762898888,0.2867056560706458,0.299270837535794
2025-05-01,11,21425211,21436983,1597054.0,1584823.1306204628,Management,384784.0,88889.0,90398.0,0.2880322133330591,0.297074426901681,0.2872580539829676,0.2987566656728873
2025-06-01,11,21401347,21405120,1611873.0,1626799.6951498732,Management,433403.0,92089.0,92374.0,0.306765440658219,0.3209967445344535,0.2869633440056225,0.3048258396180774
2025-07-01,11,21386146,21383119,1652332.0,1676746.1230635357,Management,448923.0,93725.0,93808.0,0.3123466138845336,0.3219180162234747,0.2850117036832302,0.2973586471831001
2025-08-01,11,21399694,21357940,1680997.0,1704313.4788148664,Management,482185.0,95485.0,97146.0,0.3171563087797915,0.3119009460159705,0.2899499180683068,0.3040963303773121
2025-09-01,11,21381325,21353993,1638413.0,1650145.0590667813,Management,458099.0,98342.0,97771.0,0.2938353064327421,0.3046385799770582,0.2953525366069636,0.297569963677094
2025-10-01,11,21347357,21319628,1620952.0,1589386.1004523044,Management,450646.0,96370.0,98320.0,0.2748625518613652,0.2947047448534918,0.2906682788116678,0.3100108574384523
2025-11-01,11,21318112,21303561,1552826.0,1701794.326083572,Management,387866.0,98084.0,99346.0,0.2234976789023137,0.2410841482398395,0.2895064481620971,0.2985571650234126
2025-12-01,11,21278529,21288835,1577767.0,1734363.676084912,Management,306114.0,98551.0,99972.0,0.2129955553155423,0.2363359545903333,0.2930757733904104,0.3013763580615877
2026-01-01,11,21277267,21284102,1710596.0,1671595.803113993,Management,278565.0,106001.0,100364.0,0.4254016278417802,0.4272972346492108,0.2953232703018991,0.2979924415731141
2026-02-01,11,21227725,21270850,1752908.0,1757997.0070153703,Management,251593.0,106717.0,103343.0,0.2445465782115594,0.2735885115916757,0.2923616923205517,0.299837663039855
2026-03-01,11,21237927,21269954,1847139.0,1738937.481358581,Management,250931.0,102978.0,102525.0,0.292644597736908,0.2885415938536405,0.2988983973470764,0.2994043103370643
2026-04-01,11,21240695,21257880,1847025.0,1742967.1135911855,Management,233301.0,103779.0,104564.0,0.2945120969220254,0.2941718821662329,0.2926892582512706,0.2995039933116624
2026-05-01,11,21249967,21262833,1848089.0,1821746.9347190217,Management,216356.0,102016.0,103752.0,0.2995724715156659,0.2949707148774871,0.2975870985342768,0.2947923456988727
2026-06-01,11,21266214,21264531,1811128.0,1836822.373126004,Management,217561.0,102183.0,102852.0,0.321856211713061,0.3131366516008877,0.2972373374804706,0.2962782572319222
2026-07-01,11,21279559,21267037,1880677.0,1873601.386946835,Management,214304.0,103434.0,103583.0,0.3258328384540335,0.3191046788931593,0.2949616125372744,0.2935480243616298
2026-08-01,11,21319523,21272477,1739916.0,1814567.5126591537,Management,222217.0,100340.0,103374.0,0.3127375890678617,0.2909870380301569,0.2886284791249384,0.2855586609156296
2021-01-01,13,8389156,8369036,,,Business and Financial Operations,,,,0.5471890280134263,0.4620903226407269,0.3505297424428497,0.316302094879376
2021-02-01,13,8399062,8403360,,,Business and Financial Operations,,,,0.3025529047263636,0.2888119426480473,0.3636651430603654,0.3146486203938146
2021-03-01,13,8440001,8450852,,,Business and Financial Operations,,,,0.3645792239423723,0.3066319486448526,0.4006552739239653,0.3332179804864618
2021-04-01,13,8464105,8486650,,,Business and Financial Operations,,,,0.3492321174065816,0.3158415078205532,0.3785502565810469,0.3279321222883611
2021-05-01,13,8503986,8525461,,,Business and Financial Operations,,,,0.3934725496888737,0.3375076716682395,0.3994200970732666,0.3447909098856965
2021-06-01,13,8571568,8576521,,,Business and Financial Operations,,,,0.4825365344826482,0.3885120239126586,0.4248606482959999,0.3534175144440769
2021-07-01,13,8615039,8616399,,,Business and Financial Operations,,,,0.436537819587964,0.3763878896884317,0.4153427567211738,0.359807461360752
2021-08-01,13,8678447,8664792,,,Business and Financial Operations,,,,0.4941939913230939,0.4068079493015195,0.4349403068558166,0.3679189962844099
2021-09-01,13,8726874,8711161,,,Business and Financial Operations,,,,0.4441095757836421,0.3779689356201731,0.4348049573951795,0.3709290692762625
2021-10-01,13,8776944,8755300,,,Business and Financial Operations,,,,0.4318160330092376,0.3637957890656187,0.4343963405050912,0.3739004956638004
2021-11-01,13,8818609,8806878,,,Business and Financial Operations,,,,0.3891360177258197,0.333041149610797,0.4943695187051266,0.4240904450274988
2021-12-01,13,8831844,8850398,,,Business and Financial Operations,,,,0.2934744780641909,0.275878771912688,0.4356147389092915,0.3766075915938212
2022-01-01,13,8917165,8896585,1718005.0,1790734.8454554712,Business and Financial Operations,366607.0,74257.0,72236.0,0.6531450717922626,0.5391702402536411,0.433292576635208,0.3709948321812409
2022-02-01,13,8940288,8943615,1869796.0,1888546.3694514632,Business and Financial Operations,333517.0,76971.0,76439.0,0.3801127702176601,0.3495759342667562,0.4496662029220842,0.3865646527368398
2022-03-01,13,8983126,8993070,1858090.0,1831571.522386165,Business and Financial Operations,284581.0,72149.0,73484.0,0.4160428687180573,0.3593505087397167,0.4535240069259442,0.3875329684517944
2022-04-01,13,9010196,9034379,1741067.0,1791183.8423303226,Business and Financial Operations,336151.0,72466.0,73058.0,0.406285506060954,0.3711497008777098,0.4359272183048452,0.381058835397008
2022-05-01,13,9061119,9083461,2023026.0,2185078.792299412,Business and Financial Operations,177486.0,73489.0,73233.0,0.4595666964759248,0.3924797023429886,0.4664266608732939,0.4015851868989596
2022-06-01,13,9127503,9131081,1540043.0,1532217.6685811707,Business and Financial Operations,153916.0,71797.0,73374.0,0.4921973302785355,0.4053315893497246,0.4319198826632311,0.3693392287560952
2022-07-01,13,9167862,9168578,1520465.0,1548223.0299987665,Business and Financial Operations,122719.0,72987.0,72910.0,0.4335066163894338,0.3814335681188359,0.4093741655745045,0.360296963720879
2022-08-01,13,9226282,9212571,1557944.0,1539681.0451353348,Business and Financial Operations,205385.0,74192.0,75014.0,0.4866840226512083,0.4113530978875213,0.4302255847577337,0.3729239583806681
2022-09-01,13,9255523,9240050,1504267.0,1532679.9207275915,Business and Financial Operations,130933.0,73558.0,73631.0,0.4071791651546507,0.369663459132537,0.3960999425620025,0.3604137629534897
2022-10-01,13,9292400,9269994,1543156.0,1496454.644359018,Business and Financial Operations,157593.0,74714.0,75372.0,0.3921094370391341,0.3449050544720866,0.3957164594109355,0.3569521548716657
2022-11-01,13,9309978,9298478,1508619.0,1481161.2319448402,Business and Financial Operations,137411.0,74963.0,75275.0,0.3059997391480462,0.2837422332440176,0.3917248445784143,0.3549653980851631
2022-12-01,13,9300055,9317524,1448156.0,1456415.8931831885,Business and Financial Operations,127492.0,76524.0,75058.0,0.2476105432809212,0.2614964776559291,0.3746851859808603,0.3501566373572726
2023-01-01,13,9354604,9337139,1521858.0,1529791.5092365444,Business and Financial Operations,190927.0,79311.0,76904.0,0.5513608446549403,0.4827099233768115,0.3664723502447914,0.3412638538249707
2023-02-01,13,9350081,9355048,1378460.0,1383264.5700936613,Business and Financial Operations,175425.0,78473.0,78585.0,0.301780621927794,0.3079695997750117,0.3637667471702704,0.3407948403896578
2023-03-01,13,9364750,9374289,1461814.0,1413303.2510442412,Business and Financial Operations,191400.0,78852.0,79763.0,0.3279525153196561,0.3100201661919413,0.3546324033452633,0.3300010493438048
2023-04-01,13,9360837,9385411,1256888.0,1276555.4796388713,Business and Financial Operations,189228.0,80537.0,80325.0,0.3095854321643273,0.3154579007250334,0.334933582883263,0.3207141373932061
2023-05-01,13,9385969,9408144,1144762.0,1233822.1184770898,Business and Financial Operations,192418.0,79704.0,79861.0,0.3700141856674103,0.3383627792283039,0.3746011567426122,0.3456044357071733
2023-06-01,13,9421577,9424707,1196228.0,1216503.0296324517,Business and Financial Operations,204399.0,80885.0,82088.0,0.3956706725271129,0.350890464186436,0.3422158365297859,0.3211276707876677
2023-07-01,13,9442425,9439810,1130222.0,1163585.639280597,Business and Financial Operations,169740.0,80724.0,80880.0,0.373805420853213,0.3480245156086836,0.3469437142645515,0.3277450762712989
2023-08-01,13,9468625,9452552,1148371.0,1141587.670550808,Business and Financial Operations,202520.0,80105.0,80754.0,0.3939694993537042,0.3611894692878715,0.3460405067599892,0.3298650417985982
2023-09-01,13,9478336,9461355,1144714.0,1090416.6143494132,Business and Financial Operations,152535.0,78830.0,78523.0,0.3443203160579385,0.3323357845189328,0.333534346389703,0.3223674872543667
2023-10-01,13,9504601,9482320,1230233.0,1163391.8202154012,Business and Financial Operations,157961.0,81028.0,81453.0,0.3471187168018503,0.3142186905321082,0.3511768456142674,0.324646914739266
2023-11-01,13,9510552,9500603,1071892.0,1076030.6041183337,Business and Financial Operations,210639.0,84559.0,84048.0,0.2627340844078226,0.255814363529876,0.3433621309970994,0.3202687483571713
2023-12-01,13,9499676,9516733,993665.0,1000573.3258691076,Business and Financial Operations,178500.0,85858.0,84760.0,0.2243914968960217,0.2384065222980714,0.3382137325260678,0.3178754887455468
2024-01-01,13,9545709,9533819,1100528.0,1088291.6454471825,Business and Financial Operations,280870.0,87719.0,85339.0,0.5092448607185596,0.4518469260328316,0.3453652927042836,0.3238600768434235
2024-02-01,13,9543811,9551170,983738.0,996833.4693959178,Business and Financial Operations,212930.0,83745.0,85087.0,0.2844084460413458,0.287312330832663,0.3435787079974172,0.3217794248914517
2024-03-01,13,9553994,9565544,1025126.0,975943.8222842918,Business and Financial Operations,183995.0,84480.0,85038.0,0.3000389564608606,0.2877113348459773,0.3211137802098204,0.3030807126500783
2024-04-01,13,9557318,9581705,975638.0,969255.6543990256,Business and Financial Operations,274332.0,88269.0,87718.0,0.3191680757400282,0.3158729963727638,0.3438188044159372,0.3235801869292903
2024-05-01,13,9570574,9594233,974745.0,1021285.0586936584,Business and Financial Operations,291752.0,89733.0,90811.0,0.3353015457692626,0.3190284483360814,0.3373561285634233,0.3216860893778548
2024-06-01,13,9602161,9603104,1007963.0,1037224.5212250882,Business and Financial Operations,292934.0,93353.0,94314.0,0.3847041208099381,0.3458323911799177,0.3266922454218536,0.3156076612677013
2024-07-01,13,9627170,9619283,981097.0,1020199.0518330436,Business and Financial Operations,274219.0,90499.0,90380.0,0.37289858261564,0.3422221739332791,0.34074282463719,0.3205583943288226
2024-08-01,13,9654267,9632273,1115566.0,1126795.5256218773,Business and Financial Operations,301320.0,91969.0,92269.0,0.3809330702316234,0.3476307820336266,0.334234176281566,0.3180521363370607
2024-09-01,13,9667962,9648874,1107766.0,1066175.6894688422,Business and Financial Operations,272232.0,89395.0,89327.0,0.3455623431208584,0.3288174459515509,0.3359425263464616,0.3152951001628497
2024-10-01,13,9692833,9671033,1120082.0,1062887.403942017,Business and Financial Operations,284852.0,89659.0,90025.0,0.3255049867771902,0.2947601044635592,0.3315804264805753,0.30408627855236
2024-11-01,13,9693188,9685310,987680.0,1035146.941896444,Business and Financial Operations,233868.0,92864.0,92481.0,0.2512032788474276,0.2511563716224483,0.3346114776373818,0.316922519351041
2024-12-01,13,9680162,9697263,959983.0,969645.3358081026,Business and Financial Operations,192190.0,92398.0,92217.0,0.231694137626834,0.248026970370553,0.3465553019048764,0.3317640164320198
2025-01-01,13,9723551,9718102,932358.0,887331.6947816331,Business and Financial Operations,281517.0,91243.0,87627.0,0.4879379401067001,0.4352530671452666,0.3404527369554404,0.3147208276297746
2025-02-01,13,9716898,9727603,935106.0,943216.6317903365,Business and Financial Operations,265012.0,92146.0,93479.0,0.2708014735918609,0.2792407942430345,0.3277761301206808,0.3160540831908481
2025-03-01,13,9724805,9739340,888848.0,842807.5032425444,Business and Financial Operations,202454.0,87765.0,87374.0,0.3098082965051938,0.3006118300590928,0.32837163136309,0.3139097527187202
2025-04-01,13,9719420,9743283,863520.0,841741.78483341,Business and Financial Operations,182111.0,90265.0,90221.0,0.2986503708460288,0.3065186801832763,0.3205878719196194,0.3157326865874252
2025-05-01,13,9726845,9752563,843854.0,878078.5561695421,Business and Financial Operations,198453.0,88077.0,89083.0,0.3275198575215868,0.3189138933702294,0.3276269355127969,0.3162094529017409
2025-06-01,13,9758347,9757150,867076.0,920062.8115347048,Business and Financial Operations,221197.0,90042.0,90673.0,0.3935058342226609,0.3552076358168908,0.3287984649692811,0.3231560279205747
2025-07-01,13,9777965,9764430,904205.0,970876.18762091,Business and Financial Operations,239765.0,90797.0,90572.0,0.3569466229298795,0.3330838623674388,0.320649235511999,0.3117023451431475
2025-08-01,13,9798866,9769433,946022.0,975628.5905091064,Business and Financial Operations,288835.0,92024.0,93443.0,0.3718732769975104,0.3471658991782147,0.3259752020517184,0.3198312958162737
2025-09-01,13,9810071,9788303,952729.0,945781.528291123,Business and Financial Operations,279157.0,91841.0,92134.0,0.3423737643084883,0.3287571906212358,0.3342971883437378,0.3111630988643533
2025-10-01,13,9805729,9784475,943794.0,883511.738722287,Business and Financial Operations,282257.0,92942.0,93341.0,0.3136274982105763,0.3192238059096077,0.3234886884572802,0.3281827233930104
2025-11-01,13,9799788,9794262,904787.0,970588.6764699672,Business and Financial Operations,237910.0,93858.0,93727.0,0.2382339940724075,0.2460553549590799,0.3240678774766414,0.3120769595648091
2025-12-01,13,9786713,9804067,933899.0,978788.891808774,Business and Financial Operations,188886.0,94097.0,94554.0,0.2213401449892736,0.238030872595767,0.3298151469767181,0.3178148833294624
2026-01-01,13,9817192,9818596,991427.0,925999.0584906144,Business and Financial Operations,179735.0,98306.0,93777.0,0.4609659810831479,0.4242467217728255,0.3288308400648009,0.3110718581279295
2026-02-01,13,9813735,9828014,998089.0,1004119.8306634504,Business and Financial Operations,149109.0,97163.0,98509.0,0.2709610079036704,0.2759490719850483,0.3278821176882215,0.3163832658167868
2026-03-01,13,9830448,9848314,1021054.0,961889.0333862888,Business and Financial Operations,142523.0,98301.0,96757.0,0.3163221985786687,0.29642693339569,0.332495832636238,0.3077610076382134
2026-04-01,13,9832332,9855367,1004513.0,973455.1987917416,Business and Financial Operations,130552.0,96580.0,97239.0,0.3013446391185288,0.2994986174783135,0.3218272395208046,0.3132404546587032
2026-05-01,13,9853200,9881028,999699.0,1018206.22811173,Business and Financial Operations,119856.0,96504.0,97876.0,0.3323246639375062,0.3071376355127843,0.3295535140678977,0.2983889572545126
2026-06-01,13,9901736,9898353,971476.0,1031508.4899282428,Business and Financial Operations,125130.0,96517.0,96302.0,0.3929841504413173,0.3343329220567281,0.3236273071435511,0.3026222675248489
2026-07-01,13,9936884,9917467,996958.0,1051679.3906139452,Business and Financial Operations,121715.0,96768.0,96232.0,0.3641200458998236,0.3218595280584856,0.3234143156231354,0.3002869466000249
2026-08-01,13,9975702,9938630,940701.0,987108.77479539,Business and Financial Operations,130114.0,94449.0,96558.0,0.3621089114313294,0.3154895246935215,0.3164267692990672,0.2908759851746278
2021-01-01,15,8313278,8307149,,,Computer and Mathematical,,,,0.526215077867439,0.4621807919437706,0.3416445401423718,0.313652911431006
2021-02-01,15,8325340,8336622,,,Computer and Mathematical,,,,0.3077971403354942,0.2907075904351364,0.3570669278043818,0.3146421998548349
2021-03-01,15,8362588,8377755,,,Computer and Mathematical,,,,0.370709877866015,0.3175641804150734,0.3916524756069865,0.3327362776451106
2021-04-01,15,8381263,8405775,,,Computer and Mathematical,,,,0.3515740742135879,0.32523033855113,0.3711098763560952,0.3311092721263263
2021-05-01,15,8417022,8431092,,,Computer and Mathematical,,,,0.3800209440144605,0.3297117002188811,0.3792969216303732,0.343263493571694
2021-06-01,15,8479093,8480087,,,Computer and Mathematical,,,,0.4610308548564102,0.3734759849549457,0.4166073114281503,0.3472762086493607
2021-07-01,15,8518313,8505495,,,Computer and Mathematical,,,,0.4091549733482094,0.3542372396943565,0.3903901583623454,0.3545429410690637
2021-08-01,15,8571472,8548876,,,Computer and Mathematical,,,,0.4624561757480088,0.3882476434834806,0.4208227129172701,0.3599294474547641
2021-09-01,15,8603066,8586628,,,Computer and Mathematical,,,,0.4203798267353497,0.376425236793076,0.4146590090429414,0.3619001665988793
2021-10-01,15,8641602,8622128,,,Computer and Mathematical,,,,0.4040711853776654,0.3507530005217895,0.4147615936961218,0.3653529140547009
2021-11-01,15,8674044,8664030,,,Computer and Mathematical,,,,0.3720467942868479,0.3274555051453159,0.4675972523204639,0.4095621930331318
2021-12-01,15,8679860,8699626,,,Computer and Mathematical,,,,0.2915680162073275,0.2837289580714914,0.4246443049782812,0.3755445492370003
2022-01-01,15,8744926,8740428,2692924.0,3107576.0807877555,Computer and Mathematical,492788.0,103566.0,103381.0,0.6203977935768475,0.5313680445228924,0.4190548480100002,0.3630369316795248
2022-02-01,15,8768304,8780645,2932466.0,3196906.813039539,Computer and Mathematical,439198.0,104854.0,104298.0,0.3750381381576654,0.3434782914222491,0.4312847169257195,0.3763223581706093
2022-03-01,15,8805828,8820451,2951116.0,3068539.9055713373,Computer and Mathematical,471232.0,103364.0,105420.0,0.4143221268594385,0.3634897629050548,0.431675391156353,0.3775212189080432
2022-04-01,15,8829363,8856923,2863912.0,3008445.117748348,Computer and Mathematical,460146.0,101856.0,104215.0,0.4022190889240538,0.3708771524626596,0.4253150581652933,0.3758982337582991
2022-05-01,15,8882343,8896616,3384628.0,2959268.25074911,Computer and Mathematical,382425.0,101945.0,103032.0,0.4530719205273389,0.3818306821943436,0.4498210338225465,0.3962822462404371
2022-06-01,15,8949295,8949684,2540318.0,2543727.0353760086,Computer and Mathematical,339778.0,104712.0,105520.0,0.4807139284359424,0.391205620931739,0.4333615677411652,0.3622066145340092
2022-07-01,15,8992005,8975463,2550858.0,2469206.675673167,Computer and Mathematical,312355.0,108300.0,106645.0,0.4199534266682453,0.3631484992612863,0.396857430698578,0.3623924147588601
2022-08-01,15,9049174,9026327,2615037.0,2584654.4358253167,Computer and Mathematical,334687.0,106367.0,106143.0,0.470854065601618,0.3954128018451588,0.4309194143334168,0.3632971836515638
2022-09-01,15,9073730,9055492,2472919.0,2493302.265687188,Computer and Mathematical,323684.0,106660.0,106260.0,0.3990202260907601,0.3668294703065781,0.3877295437066367,0.3490799965537552
2022-10-01,15,9109201,9090099,2428159.0,2437596.780512132,Computer and Mathematical,252349.0,105661.0,106419.0,0.3835018189810368,0.3370590031098356,0.3975721754678564,0.3518860593054608
2022-11-01,15,9127518,9118279,2462794.0,2359426.4229197344,Computer and Mathematical,217243.0,104009.0,105230.0,0.298507971313351,0.27479633557339,0.381350646537653,0.3442657465637459
2022-12-01,15,9121834,9141891,2224414.0,2289465.042603724,Computer and Mathematical,208330.0,109453.0,105658.0,0.2493067500331511,0.2575315256006331,0.3651477820637279,0.3341534056158729
2023-01-01,15,9170809,9167497,2214003.0,2432387.2446011626,Computer and Mathematical,270421.0,108356.0,108315.0,0.5297084035069111,0.4662370544119315,0.3613888971093998,0.3278719849958226
2023-02-01,15,9176456,9188424,1986046.0,2055055.6347469736,Computer and Mathematical,240613.0,105388.0,106071.0,0.3067065349913432,0.2996716294095367,0.3544832427549413,0.3271529909520096
2023-03-01,15,9195838,9210573,2151514.0,2170454.0775854285,Computer and Mathematical,271342.0,107771.0,109333.0,0.3295084042710973,0.3048758799420092,0.3440448161281667,0.3151866452158359
2023-04-01,15,9201303,9229906,1857714.0,1926983.712609492,Computer and Mathematical,277928.0,109688.0,111041.0,0.3180693236520093,0.31166086464501,0.338407567905273,0.3132729098565086
2023-05-01,15,9237955,9252961,1647172.0,1508287.8013887887,Computer and Mathematical,257077.0,108197.0,108651.0,0.3653206311269447,0.318192202265386,0.3596582093637068,0.3297577137061657
2023-06-01,15,9278137,9277501,1699652.0,1714850.7292677793,Computer and Mathematical,278385.0,109501.0,109239.0,0.3875138202746038,0.3358153278933071,0.3421805585834488,0.3104394480516038
2023-07-01,15,9302609,9290154,1587592.0,1585163.6359837588,Computer and Mathematical,229105.0,108551.0,107430.0,0.3554240960972149,0.3244336459298755,0.3345447665385552,0.3182008511782913
2023-08-01,15,9335637,9309762,1458262.0,1509727.450886092,Computer and Mathematical,254789.0,108386.0,108380.0,0.377177105901563,0.3351231708383371,0.3408169919575922,0.3155445587382076
2023-09-01,15,9342270,9320751,1383277.0,1358456.441305605,Computer and Mathematical,200384.0,107913.0,107218.0,0.3351338274105052,0.3268150285344577,0.3221873753786508,0.3080378827416506
2023-10-01,15,9362236,9342487,1442653.0,1402506.8260748545,Computer and Mathematical,219732.0,110313.0,111438.0,0.3231533760584641,0.2979333336309895,0.3379182519384033,0.3100008510754954
2023-11-01,15,9368311,9360156,1199864.0,1180338.5961732743,Computer and Mathematical,200639.0,112848.0,112125.0,0.2554538769790601,0.2479767415487632,0.3333710749833742,0.3107191227770655
2023-12-01,15,9356292,9374247,1114595.0,1122373.9215595478,Computer and Mathematical,167957.0,113037.0,111883.0,0.2239779618075626,0.2395830106491839,0.327031085727022,0.3089936469340663
2024-01-01,15,9393498,9388616,1253281.0,1309859.236700646,Computer and Mathematical,259062.0,113164.0,112316.0,0.4820464545616319,0.4348172962767798,0.3333802650322514,0.3150138918653417
2024-02-01,15,9397133,9405159,1213005.0,1216410.4044184296,Computer and Mathematical,223757.0,111976.0,113517.0,0.2872713655196081,0.2831329186884201,0.3325133156852087,0.3114056710069934
2024-03-01,15,9408318,9430479,1493110.0,1469829.189332401,Computer and Mathematical,241963.0,112690.0,113561.0,0.2976002088215293,0.2837417460498202,0.3159874201611854,0.283768429306335
2024-04-01,15,9414424,9447705,1453277.0,1481101.2648425857,Computer and Mathematical,299885.0,115554.0,116066.0,0.3137677264013393,0.3066123187669723,0.3315679944022645,0.309687969169377
2024-05-01,15,9435979,9455732,1244644.0,1145906.297129662,Computer and Mathematical,327989.0,117839.0,117861.0,0.3320252841926643,0.3048582737629944,0.323264278339544,0.3130781744877365
2024-06-01,15,9466270,9465247,1267039.0,1301203.8764576835,Computer and Mathematical,331675.0,120387.0,119214.0,0.3617491134278361,0.3236746961189942,0.3110955628201733,0.2990319043124501
2024-07-01,15,9489820,9477352,1236039.0,1271358.122033919,Computer and Mathematical,293254.0,119540.0,119500.0,0.347126016666396,0.3174112155262388,0.3248080063128468,0.3094818525122806
2024-08-01,15,9520797,9491027,1365263.0,1489108.000365773,Computer and Mathematical,327669.0,120669.0,121523.0,0.3561334876590063,0.3172702720920813,0.3190410145821974,0.301752061874426
2024-09-01,15,9530531,9504501,1333264.0,1314026.2374858304,Computer and Mathematical,293430.0,119030.0,118393.0,0.3374950304421585,0.3253045442955414,0.3213896557031832,0.3043764873636153
2024-10-01,15,9541393,9520383,1320157.0,1254164.5445151385,Computer and Mathematical,309853.0,120379.0,121368.0,0.3012288158090117,0.287625977666736,0.3182324748805003,0.2982141160358805
2024-11-01,15,9539378,9531969,1199348.0,1235543.2237266414,Computer and Mathematical,257280.0,121703.0,120997.0,0.2357788839975094,0.2385675181004911,0.3146357445202456,0.3000499749415819
2024-12-01,15,9523123,9539378,1106768.0,1076033.66988285,Computer and Mathematical,151870.0,119004.0,120286.0,0.2191146349764262,0.2399104961975442,0.3184498176399384,0.3091291854211457
2025-01-01,15,9544299,9538512,1177602.0,1182663.3188400727,Computer and Mathematical,283042.0,121777.0,119667.0,0.4353245335035139,0.4090109935465876,0.3050117031369018,0.306102155763946
2025-02-01,15,9538124,9542401,1221688.0,1200212.2590522156,Computer and Mathematical,270164.0,119511.0,119903.0,0.2642969267625943,0.2723064457734684,0.3069577744899479,0.3020659562650802
2025-03-01,15,9542373,9569222,1123806.0,1071585.404976753,Computer and Mathematical,197844.0,117408.0,118199.0,0.2923811541635976,0.2871240435489059,0.3139111331483126,0.2802765892893767
2025-04-01,15,9532429,9569033,1123821.0,1106505.9026174846,Computer and Mathematical,180510.0,117644.0,118274.0,0.2781997290268877,0.290892684284527,0.2929980150624098,0.2932368291981621
2025-05-01,15,9534075,9557260,1160088.0,1092200.487742937,Computer and Mathematical,208765.0,116301.0,116784.0,0.2986443079190309,0.2966798340533743,0.2867031207603175,0.3014831317384623
2025-06-01,15,9546263,9546936,1173031.0,1242338.9856079577,Computer and Mathematical,260813.0,119052.0,118112.0,0.3469125162056269,0.3316861072911911,0.2921671443348599,0.3051433549035884
2025-07-01,15,9551010,9539577,1200947.0,1325746.9165303132,Computer and Mathematical,255850.0,119278.0,118490.0,0.3089002643184817,0.3032543312391151,0.2868490523870323,0.2961046291276135
2025-08-01,15,9562868,9530255,1279338.0,1427451.7338226144,Computer and Mathematical,299130.0,121136.0,121929.0,0.32054499406826,0.3061495502612793,0.2836433834426268,0.2953829308830632
2025-09-01,15,9561671,9531874,1235995.0,1290840.2698764263,Computer and Mathematical,263265.0,121624.0,121106.0,0.3064902481665443,0.3081409314811633,0.2887054211472021,0.2866657607185011
2025-10-01,15,9545350,9523716,1263389.0,1209252.9461635973,Computer and Mathematical,266628.0,120511.0,121849.0,0.2687680335792098,0.2896789596099486,0.2885199136490067,0.2987987339005068
2025-11-01,15,9526697,9520287,1232816.0,1353236.2953565414,Computer and Mathematical,234716.0,122592.0,122338.0,0.2043119642020626,0.228454611133908,0.2813313013078999,0.2856531786203753
2025-12-01,15,9502276,9516425,1520350.0,1402654.232806868,Computer and Mathematical,175388.0,119079.0,122146.0,0.1941104647539449,0.2254838530030387,0.2829248592023494,0.2877943579328684
2026-01-01,15,9494839,9487965,1386294.0,1329250.729478431,Computer and Mathematical,201837.0,125434.0,121566.0,0.3653332262831698,0.3751065238062128,0.2566841085095103,0.2926803451251711
2026-02-01,15,9476611,9476736,1487348.0,1430333.9508203955,Computer and Mathematical,199101.0,126128.0,125147.0,0.2354695668031151,0.2592016085177245,0.2752398076196283,0.2894572312348143
2026-03-01,15,9477604,9508708,1483563.0,1380905.9929852728,Computer and Mathematical,180147.0,124210.0,124730.0,0.2766289054083392,0.276045191362335,0.3024183132634877,0.2620708063641452
2026-04-01,15,9469577,9508447,1479431.0,1424155.1183036028,Computer and Mathematical,155721.0,123770.0,124830.0,0.2658982195420197,0.2765140985795679,0.2790821036927933,0.2794124320066306
2026-05-01,15,9473869,9499742,1767961.0,1617003.172200291,Computer and Mathematical,143761.0,125076.0,126151.0,0.2857609946695427,0.2804653328597973,0.2699596594951068,0.2809556298945473
2026-06-01,15,9491632,9494230,1554963.0,1643255.562607791,Computer and Mathematical,147218.0,124500.0,123619.0,0.3254589057755124,0.3030970735537779,0.2695720049862316,0.2765394639235032
2026-07-01,15,9503337,9492390,1513484.0,1675297.841176935,Computer and Mathematical,148350.0,125487.0,124020.0,0.2906742134574455,0.2760651374787296,0.2681802551747292,0.2705055778912585
2026-08-01,15,9529383,9493715,1547660.0,1775974.441504813,Computer and Mathematical,149287.0,124539.0,125745.0,0.3054981748261852,0.2728035814992894,0.2666309071978905,0.264957089114234
2021-01-01,17,3980690,3983432,,,Architecture and Engineering,,,,0.3992083762551964,0.3525366444392659,0.2486799484380615,0.2368155099993344
2021-02-01,17,3982830,3996898,,,Architecture and Engineering,,,,0.2213370084373749,0.2153142931541932,0.2736527528984714,0.2332234688316206
2021-03-01,17,3997829,4015411,,,Architecture and Engineering,,,,0.2847935991931096,0.2402405276955332,0.3161112926890893,0.2607816845446343
2021-04-01,17,4005872,4029523,,,Architecture and Engineering,,,,0.2682968377707028,0.2448715706243119,0.2914413031238791,0.2494144522533354
2021-05-01,17,4035915,4042623,,,Architecture and Engineering,,,,0.3417104197340699,0.2526792278074824,0.2850159208072959,0.2461290321816081
2021-06-01,17,4072246,4059348,,,Architecture and Engineering,,,,0.3978082785879953,0.2911406845868273,0.3142761631366321,0.2648357592221941
2021-07-01,17,4089429,4070800,,,Architecture and Engineering,,,,0.3118822364215332,0.2618322024604515,0.2933879715560334,0.2596309669414769
2021-08-01,17,4111556,4086397,,,Architecture and Engineering,,,,0.3561895640461823,0.2920723960877673,0.3295602171628417,0.2837584407504356
2021-09-01,17,4118838,4103827,,,Architecture and Engineering,,,,0.310478343470782,0.2896571792609641,0.3199098168532833,0.2689426128004221
2021-10-01,17,4129948,4120363,,,Architecture and Engineering,,,,0.2966359988675112,0.2647326166836034,0.3294909721698323,0.2813342179405957
2021-11-01,17,4139899,4139918,,,Architecture and Engineering,,,,0.2706874813952669,0.2420145248411194,0.3761251246303975,0.3194398333472046
2021-12-01,17,4140270,4155733,,,Architecture and Engineering,,,,0.2035083898024158,0.2027642681719658,0.3294677316154206,0.2838037714282582
2022-01-01,17,4169214,4172491,720867.0,741131.1056181596,Architecture and Engineering,144373.0,87531.0,87270.0,0.5043698703121,0.4215257522431777,0.3285042918945071,0.2803069279521958
2022-02-01,17,4177919,4192456,786586.0,830114.6258072552,Architecture and Engineering,134865.0,89126.0,88707.0,0.2847436737451593,0.2601156878042645,0.347272822998452,0.2901289128321442
2022-03-01,17,4191763,4209946,813178.0,832464.0065789927,Architecture and Engineering,154483.0,88424.0,89983.0,0.3208670088633831,0.28152912066546,0.3525308343088708,0.302672220385234
2022-04-01,17,4200125,4225257,796464.0,827987.6709604379,Architecture and Engineering,153466.0,88324.0,89343.0,0.3162131111449525,0.2925787683605189,0.3404810734069389,0.2970005045671218
2022-05-01,17,4241371,4248821,921981.0,1008884.6709157812,Architecture and Engineering,107169.0,87820.0,89069.0,0.4267096037035014,0.3105674544324734,0.3634127688872687,0.2968610438299923
2022-06-01,17,4283867,4270482,744938.0,739036.748475922,Architecture and Engineering,136053.0,90816.0,91599.0,0.4340624437452217,0.315438932750788,0.3444764201366602,0.2836038187724879
2022-07-01,17,4304968,4285198,759021.0,757451.8472468932,Architecture and Engineering,118506.0,92376.0,92579.0,0.3397597890112744,0.2812115218100519,0.3192333142173931,0.2780265486836306
2022-08-01,17,4329179,4302690,799435.0,787983.8566895792,Architecture and Engineering,130900.0,92634.0,92591.0,0.3778515728480262,0.3112292340246587,0.3502248704670349,0.3014396746278128
2022-09-01,17,4334396,4317742,796005.0,792350.3774509644,Architecture and Engineering,143044.0,92164.0,92445.0,0.3172923003141571,0.3031357930517513,0.3210852783321473,0.2792532900626345
2022-10-01,17,4346029,4335615,825013.0,799264.4734143744,Architecture and Engineering,119512.0,92040.0,93244.0,0.2968049403280511,0.2649997077171062,0.3320019237098034,0.2825321133090312
2022-11-01,17,4351357,4351374,824945.0,800724.876389236,Architecture and Engineering,105561.0,92337.0,92864.0,0.2287639457423782,0.2143865690386018,0.3237113181083069,0.2802502205890292
2022-12-01,17,4349641,4365467,804725.0,808204.9234509338,Architecture and Engineering,100714.0,96432.0,93055.0,0.1850097353422196,0.1900103190733156,0.299614372479124,0.2608809218063354
2023-01-01,17,4377369,4381781,841799.0,849395.4098026031,Architecture and Engineering,136962.0,95243.0,94343.0,0.4656118306844694,0.3900396609200265,0.3093610988328076,0.2646797413084563
2023-02-01,17,4382516,4397815,783041.0,803471.9853290517,Architecture and Engineering,120734.0,93880.0,93839.0,0.2430187221976247,0.2292095943543932,0.3012482411107783,0.2574945482058237
2023-03-01,17,4390152,4409457,850506.0,854634.1825931718,Architecture and Engineering,126636.0,96233.0,97257.0,0.2707226345568101,0.250451046105034,0.2944122103150595,0.2627285784310204
2023-04-01,17,4393044,4419773,756746.0,763820.6937059534,Architecture and Engineering,133499.0,97240.0,97590.0,0.2645752578656026,0.2574136812523308,0.2873382632174487,0.2593292089253175
2023-05-01,17,4429835,4438260,690870.0,742317.7841179941,Architecture and Engineering,142438.0,96901.0,98033.0,0.3774823234300532,0.2783098960203946,0.3184893725608475,0.2685036240962141
2023-06-01,17,4468625,4454601,722089.0,718504.8571325857,Architecture and Engineering,149161.0,98324.0,97751.0,0.3886653869427272,0.2848298550220534,0.3010735731382745,0.2570513160943249
2023-07-01,17,4489865,4469028,665872.0,671783.1086943923,Architecture and Engineering,121597.0,99318.0,99772.0,0.3227956622506779,0.2667727191750569,0.3025668355973255,0.2638301388533272
2023-08-01,17,4509749,4481417,667544.0,674076.1108276197,Architecture and Engineering,143812.0,98485.0,98469.0,0.323296376886849,0.2707211342510639,0.2959584346274889,0.2627849723990666
2023-09-01,17,4510385,4492375,676121.0,649545.1323841275,Architecture and Engineering,122276.0,98813.0,98885.0,0.2818839450137193,0.2805153902575785,0.2848816260342202,0.2556117472346975
2023-10-01,17,4517583,4506479,735963.0,700515.2019483885,Architecture and Engineering,125706.0,98890.0,100002.0,0.2623643275629868,0.2437610890921038,0.2965781922407187,0.2590228776041932
2023-11-01,17,4520732,4520545,632423.0,632805.0993411884,Architecture and Engineering,129630.0,100594.0,100816.0,0.2071744452641345,0.1991466708774528,0.2953000262857677,0.2579595809186437
2023-12-01,17,4516716,4532721,588761.0,600656.521362968,Architecture and Engineering,106633.0,101752.0,100397.0,0.1728269269759964,0.1836221430501725,0.2815074007846136,0.249276665519964
2024-01-01,17,4540402,4546466,660814.0,666609.8086455297,Architecture and Engineering,162418.0,101399.0,99338.0,0.4280623100504956,0.3659954584311235,0.2904125186184177,0.2541321322236838
2024-02-01,17,4544169,4560009,609940.0,618488.3851817369,Architecture and Engineering,130390.0,101243.0,101672.0,0.2334450165017101,0.2241591924143577,0.2912905390690777,0.25565075906127
2024-03-01,17,4549990,4570084,650063.0,638993.2375626711,Architecture and Engineering,139525.0,101809.0,102020.0,0.2495937418146078,0.2342643875969235,0.2691687094902392,0.2427175266027464
2024-04-01,17,4555059,4583628,626735.0,613102.0052092944,Architecture and Engineering,162447.0,104696.0,104570.0,0.2719258957806922,0.2590284402277751,0.2959746466882156,0.2605134452579645
2024-05-01,17,4587131,4596138,608334.0,623837.0569160746,Architecture and Engineering,163626.0,106566.0,108332.0,0.3498967939752734,0.2661646866019039,0.2905201189463384,0.2578565596063401
2024-06-01,17,4622693,4607731,607817.0,604558.8011531181,Architecture and Engineering,159442.0,106483.0,104594.0,0.3661030379403109,0.2739300335078272,0.2780749869308461,0.2478896004301204
2024-07-01,17,4644946,4622756,581081.0,589322.381156538,Architecture and Engineering,137142.0,105813.0,106880.0,0.3156439339258566,0.2582883943383302,0.2938644828216354,0.2548616247317287
2024-08-01,17,4664600,4634826,627216.0,645497.8800456163,Architecture and Engineering,152131.0,105561.0,105636.0,0.3145429084491447,0.2640758022485187,0.2846218669731733,0.2533722842834495
2024-09-01,17,4666595,4647554,625588.0,604370.1842227202,Architecture and Engineering,134150.0,103440.0,103568.0,0.2828799306974104,0.2777971603521549,0.2843351944163944,0.251470616716697
2024-10-01,17,4671288,4659643,627806.0,603577.8937671346,Architecture and Engineering,146486.0,103377.0,104776.0,0.2427466589650228,0.230954290224385,0.2771310112214368,0.245998276169336
2024-11-01,17,4670753,4670495,567049.0,603542.3692614073,Architecture and Engineering,119503.0,104280.0,104407.0,0.1909302572460404,0.1923779653303989,0.2752757616672455,0.2473989248775338
2024-12-01,17,4665718,4681824,522179.0,536295.7671072681,Architecture and Engineering,96220.0,103391.0,103873.0,0.1747031977337349,0.1878615666593946,0.2837487188701416,0.2547091332829098
2025-01-01,17,4685611,4693338,546366.0,536064.135801167,Architecture and Engineering,142935.0,102501.0,99275.0,0.40136111991303,0.3508196422739327,0.2786931747970132,0.2492551907092757
2025-02-01,17,4687876,4704058,562861.0,563160.9228899529,Architecture and Engineering,138254.0,103151.0,102995.0,0.2210535686782795,0.2152769930970292,0.277299006373625,0.2499530347211996
2025-03-01,17,4693506,4714338,555474.0,530930.6205869642,Architecture and Engineering,105355.0,102847.0,102906.0,0.2582473114044855,0.2441043161313884,0.2763624858622371,0.2501937143563612
2025-04-01,17,4693189,4723482,552021.0,530498.3743693163,Architecture and Engineering,96321.0,103912.0,104272.0,0.2439318183668591,0.2452526799514428,0.2677847322968236,0.244554858589042
2025-05-01,17,4718025,4727567,522643.0,523266.4476922883,Architecture and Engineering,99963.0,105871.0,107429.0,0.321917451660824,0.2590263800269927,0.2624709317563241,0.2521026264979102
2025-06-01,17,4752844,4737105,509621.0,518284.1161271093,Architecture and Engineering,107976.0,105002.0,103462.0,0.3698797100863128,0.2821567327062561,0.2778961616853726,0.2537320591206614
2025-07-01,17,4769315,4745890,528773.0,552724.0645434323,Architecture and Engineering,115967.0,105857.0,105700.0,0.2932989527245286,0.2520430497685658,0.271272009265529,0.2490594128899177
2025-08-01,17,4785891,4755018,538826.0,562257.8648085281,Architecture and Engineering,131034.0,105804.0,106341.0,0.3059061597533635,0.264428085952455,0.2742596552115173,0.2512255507751784
2025-09-01,17,4786529,4766552,549127.0,569757.1647729002,Architecture and Engineering,134622.0,106970.0,106897.0,0.280641584175219,0.2793144143638283,0.2804060864594109,0.2513677547387586
2025-10-01,17,4783380,4771220,551457.0,529829.8641271339,Architecture and Engineering,129297.0,105635.0,107652.0,0.239168133204826,0.2471601722952409,0.2762052877402182,0.2644668915604403
2025-11-01,17,4780959,4780618,531685.0,588602.7580151611,Architecture and Engineering,118220.0,108030.0,108253.0,0.1892061679872044,0.1954403008077695,0.274500744137169,0.2509092786903288
2025-12-01,17,4775653,4791673,567263.0,601144.076181439,Architecture and Engineering,100644.0,106901.0,108805.0,0.1784074687753969,0.1919917736505776,0.288121118954081,0.2604345925810257
2026-01-01,17,4792582,4801993,580579.0,558991.3693240772,Architecture and Engineering,91599.0,110844.0,107246.0,0.4035953285846774,0.3614661566951884,0.2872772237058705,0.2614896543517535
2026-02-01,17,4793935,4810295,604050.0,595909.4875155048,Architecture and Engineering,86888.0,111343.0,110607.0,0.2230091050469941,0.2196911458686907,0.2807720165415479,0.2600604319894753
2026-03-01,17,4801902,4823330,624193.0,586015.6156359172,Architecture and Engineering,85116.0,111092.0,111181.0,0.2739182422524177,0.2545121664560598,0.2914717653461486,0.2590430195978151
2026-04-01,17,4805266,4837028,625173.0,594562.8803497172,Architecture and Engineering,79128.0,111261.0,111912.0,0.2621021519977879,0.2541743805124518,0.2882752557039228,0.2542943360400009
2026-05-01,17,4835199,4845159,663444.0,635598.409886214,Architecture and Engineering,66064.0,111182.0,112938.0,0.3391772129452783,0.2650200785223714,0.2751335729181385,0.2549972295479142
2026-06-01,17,4882435,4865916,639839.0,642788.9534054259,Architecture and Engineering,69108.0,112507.0,111367.0,0.3947656126620563,0.2788997657084501,0.2972409813869754,0.2460494824971429
2026-07-01,17,4908858,4884004,652773.0,660218.89765314,Architecture and Engineering,68263.0,112789.0,111332.0,0.3132220441103853,0.2486637315892403,0.2892802382998315,0.2448391878664827
2026-08-01,17,4935755,4903711,629727.0,667198.551235357,Architecture and Engineering,69845.0,111721.0,112933.0,0.2986072472854518,0.2333428584703305,0.2657061616471619,0.2174798930327051
2021-01-01,19,2832761,2832108,,,"Life, Physical, and Social Science",,,,0.5721792140801212,0.4866104774589664,0.3975332812998741,0.3448198800576816
2021-02-01,19,2837683,2845846,,,"Life, Physical, and Social Science",,,,0.3031679781366627,0.2827438543995946,0.411846535037085,0.3539146302659437
2021-03-01,19,2854043,2860465,,,"Life, Physical, and Social Science",,,,0.3591657520587822,0.2908577168185834,0.440307398476153,0.3789796576087129
2021-04-01,19,2865898,2873787,,,"Life, Physical, and Social Science",,,,0.3518014611217618,0.3025915683498086,0.4210086835449241,0.3653834637300646
2021-05-01,19,2891675,2887718,,,"Life, Physical, and Social Science",,,,0.5024056393643899,0.3957604123537205,0.4104679964598529,0.352578700999499
2021-06-01,19,2904408,2904380,,,"Life, Physical, and Social Science",,,,0.5356314421627074,0.48339203506988,0.4416810924646608,0.3728404002565763
2021-07-01,19,2911395,2917101,,,"Life, Physical, and Social Science",,,,0.4354342648230835,0.407133624938539,0.4321415377733919,0.3798136137397043
2021-08-01,19,2945993,2931339,,,"Life, Physical, and Social Science",,,,0.6396143362030942,0.4991228681670525,0.4465965439895803,0.3883116078057387
2021-09-01,19,2954888,2945828,,,"Life, Physical, and Social Science",,,,0.5010885952557768,0.465153040450365,0.4500283224057504,0.3910081519986514
2021-10-01,19,2965919,2959364,,,"Life, Physical, and Social Science",,,,0.3887080756896593,0.3444669159650158,0.4479113651345466,0.3930237800530217
2021-11-01,19,2975399,2974535,,,"Life, Physical, and Social Science",,,,0.3405354225919716,0.3026653914268727,0.5060520499813002,0.4448505907396385
2021-12-01,19,2979590,2987562,,,"Life, Physical, and Social Science",,,,0.286886197976427,0.2702264078267211,0.4499906189407035,0.3976660565216637
2022-01-01,19,3004191,3003224,437756.0,431190.2177685971,"Life, Physical, and Social Science",120723.0,65241.0,62890.0,0.6373814303982297,0.5395438692316535,0.4517322351234799,0.3891505418587016
2022-02-01,19,3011306,3018509,465900.0,463030.8527007252,"Life, Physical, and Social Science",113767.0,64832.0,63562.0,0.3456191465546468,0.3176036355715909,0.4656711575672777,0.4049076834650558
2022-03-01,19,3025394,3031049,474076.0,438957.4197884671,"Life, Physical, and Social Science",129939.0,63340.0,64153.0,0.3809962280652366,0.325538239161079,0.4534852145900117,0.4038407854608049
2022-04-01,19,3034047,3042452,454482.0,454562.4440835664,"Life, Physical, and Social Science",119559.0,65048.0,64564.0,0.3691025218486344,0.3351293153552728,0.445889787027527,0.4009109366998324
2022-05-01,19,3061114,3057521,510280.0,537096.2586335443,"Life, Physical, and Social Science",114110.0,65369.0,64081.0,0.5510692429898025,0.4452620261644858,0.4551740032836459,0.3960307756893954
2022-06-01,19,3071423,3071993,410920.0,401246.7762218474,"Life, Physical, and Social Science",103759.0,63486.0,64684.0,0.5437487619684996,0.5036758936771796,0.4505847680204241,0.3940495246180417
2022-07-01,19,3078082,3085026,410326.0,415984.756896225,"Life, Physical, and Social Science",94816.0,64282.0,65296.0,0.442851545139381,0.4176399890811959,0.4386648071447974,0.3879717448570012
2022-08-01,19,3115240,3101129,413853.0,414964.55503739824,"Life, Physical, and Social Science",106024.0,63887.0,65217.0,0.6476901864174246,0.5047836565311011,0.4550293636747508,0.3927151676057922
2022-09-01,19,3120476,3111593,404661.0,430906.01876653946,"Life, Physical, and Social Science",110277.0,66762.0,66154.0,0.477457040622568,0.4575301904450517,0.4240366628854585,0.3836860045911351
2022-10-01,19,3131049,3123581,424569.0,438475.6418980405,"Life, Physical, and Social Science",102577.0,64921.0,66022.0,0.3823796890232798,0.3422295532656763,0.4354582411025071,0.3893951947181025
2022-11-01,19,3136191,3134584,430716.0,445699.8179269943,"Life, Physical, and Social Science",95910.0,64486.0,65505.0,0.2868437737807915,0.2678897019605089,0.4285820730708988,0.3864619091475406
2022-12-01,19,3137806,3145466,436161.0,449261.2690654555,"Life, Physical, and Social Science",94494.0,65323.0,64968.0,0.2623561980368393,0.2564095774185669,0.4143800237878552,0.372862811121491
2023-01-01,19,3158190,3157087,489783.0,473963.2623709088,"Life, Physical, and Social Science",116955.0,66327.0,63924.0,0.5837823707694134,0.5067234368425431,0.4163783328212094,0.3722096080687615
2023-02-01,19,3163051,3168775,615247.0,632269.3153266301,"Life, Physical, and Social Science",108691.0,68600.0,68275.0,0.3066530295710385,0.2887857129040132,0.4158242654949688,0.3715607675465272
2023-03-01,19,3173700,3179615,635331.0,508687.0572792742,"Life, Physical, and Social Science",121471.0,68823.0,69476.0,0.3303249767014413,0.2901848060448256,0.3987480508841019,0.357841130445097
2023-04-01,19,3181666,3190776,439645.0,434553.6707829609,"Life, Physical, and Social Science",115257.0,70281.0,70249.0,0.329637547237913,0.3000423911429951,0.398942086474007,0.3569640815301305
2023-05-01,19,3206200,3202428,408670.0,427760.9973390612,"Life, Physical, and Social Science",121152.0,69269.0,68987.0,0.5078820552925951,0.4162475298087557,0.4174791951263157,0.3738220627072114
2023-06-01,19,3211826,3213850,418570.0,415334.6770791518,"Life, Physical, and Social Science",119758.0,70674.0,71275.0,0.4887558707253528,0.4680119108712614,0.4065369243496687,0.3638860846308854
2023-07-01,19,3216744,3224579,400229.0,409228.9246680933,"Life, Physical, and Social Science",103158.0,71938.0,72412.0,0.4252322324705545,0.4069957239524265,0.4168162160129878,0.3768902379080406
2023-08-01,19,3249591,3235615,409774.0,416376.70789384673,"Life, Physical, and Social Science",125610.0,71193.0,71860.0,0.5848063392709637,0.4637223609498644,0.4046042174456075,0.3636736821589194
2023-09-01,19,3254266,3245719,421064.0,418325.04510189313,"Life, Physical, and Social Science",112700.0,70395.0,69986.0,0.4468661093169528,0.4297631138002484,0.3954224198465572,0.358066583422749
2023-10-01,19,3265638,3256775,442788.0,439801.4611604572,"Life, Physical, and Social Science",120711.0,71726.0,71979.0,0.3559072302032343,0.3141717221065895,0.3976700100384464,0.3569324090077844
2023-11-01,19,3270397,3267703,384799.0,399779.7956658527,"Life, Physical, and Social Science",117073.0,73159.0,73918.0,0.2635159111338893,0.2464366317834349,0.3962378843490734,0.3561055668875001
2023-12-01,19,3272184,3278015,358846.0,373947.2857286577,"Life, Physical, and Social Science",108037.0,73760.0,73145.0,0.2488834384961504,0.242544295901223,0.3897260488180868,0.3519756602436678
2024-01-01,19,3290430,3289451,407990.0,396452.9119537698,"Life, Physical, and Social Science",165790.0,73798.0,71143.0,0.5358175444803576,0.470251884121537,0.3901394630828619,0.348422149186487
2024-02-01,19,3295152,3303479,369928.0,377827.4218604264,"Life, Physical, and Social Science",131354.0,72747.0,73451.0,0.284939107148735,0.2681995134663874,0.3924323954071094,0.3414712872943886
2024-03-01,19,3304800,3311605,425905.0,376594.08320516,"Life, Physical, and Social Science",174801.0,70994.0,71242.0,0.3046275794007679,0.2698111966935685,0.3657741511965592,0.3363289996136236
2024-04-01,19,3313915,3321677,411597.0,400646.7288338176,"Life, Physical, and Social Science",164690.0,73794.0,74550.0,0.3225009456200475,0.2901782063591341,0.3848232974675316,0.348435980923389
2024-05-01,19,3332961,3329648,373932.0,381309.55484374,"Life, Physical, and Social Science",125191.0,75577.0,76362.0,0.4584781744384008,0.3902792963457359,0.3786969059920733,0.3499674569891086
2024-06-01,19,3335267,3338260,375309.0,376024.4331326835,"Life, Physical, and Social Science",130686.0,76230.0,76294.0,0.4578742707276675,0.4500389988474759,0.3795588173548704,0.3485990097735018
2024-07-01,19,3339234,3347086,364196.0,373880.11005066725,"Life, Physical, and Social Science",117546.0,75612.0,75977.0,0.3970906491339711,0.3832646429505172,0.3849318850880873,0.3532922689080073
2024-08-01,19,3368977,3354729,394893.0,413520.6829447637,"Life, Physical, and Social Science",147957.0,76558.0,76519.0,0.5504522540339672,0.4450056740603074,0.3770527446183517,0.349710282639453
2024-09-01,19,3373114,3365387,389295.0,389181.3648117708,"Life, Physical, and Social Science",130074.0,74623.0,74424.0,0.4267758185183744,0.4122399850423341,0.3779074881418457,0.3399055594560619
2024-10-01,19,3380052,3370058,386985.0,373362.0982128607,"Life, Physical, and Social Science",157077.0,74795.0,74761.0,0.3188073964345179,0.2943906802445881,0.3510392200926582,0.3344098319360608
2024-11-01,19,3382137,3378480,368617.0,387326.01206564094,"Life, Physical, and Social Science",150434.0,74185.0,75043.0,0.2400473312860996,0.2329546756132418,0.3657440180534503,0.335830430554977
2024-12-01,19,3382924,3386786,355779.0,375366.3215401272,"Life, Physical, and Social Science",124570.0,75468.0,74783.0,0.2477320547716014,0.2452848798449941,0.3845469974531744,0.355114547285484
2025-01-01,19,3394657,3394029,342656.0,328404.4296694089,"Life, Physical, and Social Science",122245.0,76428.0,73291.0,0.489273315513589,0.4482979009334978,0.3626622825401369,0.3370544200890328
2025-02-01,19,3394817,3404495,356603.0,363132.1253755483,"Life, Physical, and Social Science",124958.0,77722.0,78202.0,0.2537275749867983,0.2534690853727097,0.3547757936526302,0.3178871153099762
2025-03-01,19,3399025,3406470,368156.0,335015.74453591,"Life, Physical, and Social Science",107990.0,75748.0,76256.0,0.2823660167359379,0.2677371410197933,0.3410392315481068,0.3340802619079699
2025-04-01,19,3399253,3406268,355600.0,341049.9016143892,"Life, Physical, and Social Science",109650.0,78554.0,79827.0,0.2699569576796193,0.2695319080982254,0.3212024232694844,0.3219153603849565
2025-05-01,19,3404169,3401309,344270.0,344297.0576026075,"Life, Physical, and Social Science",103631.0,78318.0,80558.0,0.3991247480838516,0.3819992865888958,0.3277814296083871,0.3452766126506024
2025-06-01,19,3391102,3395246,339326.0,346207.23138647294,"Life, Physical, and Social Science",110403.0,78883.0,79360.0,0.4059716854861682,0.4526186063167557,0.3316259806834614,0.3530574174549003
2025-07-01,19,3383903,3391695,329224.0,341978.48229090334,"Life, Physical, and Social Science",106538.0,81276.0,80797.0,0.339009780422905,0.3656262419470222,0.3249725638480198,0.33753677311626
2025-08-01,19,3402447,3388498,340447.0,362657.1235743314,"Life, Physical, and Social Science",108787.0,81769.0,81317.0,0.4832452534677237,0.4204638309920951,0.3245146202727253,0.3358349493201463
2025-09-01,19,3401435,3394772,333456.0,342642.5407349049,"Life, Physical, and Social Science",96738.0,81803.0,80848.0,0.383494902967103,0.387304915741496,0.33883303576802,0.3166544879723366
2025-10-01,19,3393037,3382116,338706.0,325321.6155541752,"Life, Physical, and Social Science",105380.0,81834.0,81830.0,0.2824275057012347,0.3125457235486185,0.3087867496590532,0.3536927231327508
2025-11-01,19,3389909,3385390,325219.0,352083.30493879976,"Life, Physical, and Social Science",86552.0,82482.0,82151.0,0.2101625122886462,0.2222322492942186,0.3277518545116484,0.3161450499552957
2025-12-01,19,3387382,3388902,332674.0,355651.8683078329,"Life, Physical, and Social Science",65827.0,83054.0,82608.0,0.2123965666326928,0.2222670752636324,0.3299513932512353,0.3175164528795994
2026-01-01,19,3392217,3392016,350141.0,337389.3488623527,"Life, Physical, and Social Science",53947.0,85462.0,81759.0,0.4283832695848796,0.4124202506386272,0.3240914507359757,0.3130786822413233
2026-02-01,19,3392468,3403374,376365.0,391419.8610512447,"Life, Physical, and Social Science",55813.0,84146.0,84528.0,0.2399081019289659,0.2390792671087792,0.3375419742854646,0.2974927334274163
2026-03-01,19,3398645,3406548,379981.0,347376.0156273196,"Life, Physical, and Social Science",51957.0,82928.0,83600.0,0.2713734280048589,0.2504163067235772,0.3275230646572292,0.3163439697762898
2026-04-01,19,3404487,3410602,377015.0,350744.3533038028,"Life, Physical, and Social Science",48881.0,81514.0,83661.0,0.2662134485230418,0.2466175265892927,0.3121844364500316,0.297918310199223
2026-05-01,19,3413513,3411199,384703.0,374048.550694528,"Life, Physical, and Social Science",48107.0,78644.0,82319.0,0.3623609869111073,0.3309392092294475,0.2989394337402942,0.2968387378159463
2026-06-01,19,3408450,3413679,370175.0,374989.7238027073,"Life, Physical, and Social Science",49560.0,81862.0,82467.0,0.3625668058863318,0.3804220286216309,0.299594597963251,0.2908773294784498
2026-07-01,19,3410130,3417515,377313.0,384313.0175714712,"Life, Physical, and Social Science",47357.0,84206.0,83337.0,0.311284864887045,0.3054642648792145,0.295535991409064,0.2820629489001727
2026-08-01,19,3434872,3421029,349146.0,384272.8911716285,"Life, Physical, and Social Science",48734.0,84590.0,84680.0,0.4299720146765743,0.3438861985605091,0.285808175833509,0.2734785012603835
2021-01-01,21,3446787,3447568,,,Community and Social Service,,,,0.4586827683650146,0.4025371673259064,0.3458722076013878,0.3093104690138548
2021-02-01,21,3447446,3459632,,,Community and Social Service,,,,0.2664499781789295,0.2643415458713234,0.3576769730571527,0.3158323363129487
2021-03-01,21,3460337,3473024,,,Community and Social Service,,,,0.3146824873142535,0.2700777959085562,0.3979181799408831,0.3516435186654751
2021-04-01,21,3467677,3483974,,,Community and Social Service,,,,0.2970240695504783,0.2720825392613024,0.37065975195781,0.3329459774542923
2021-05-01,21,3493273,3497263,,,Community and Social Service,,,,0.4252763467141891,0.337778602984529,0.3772050278029253,0.3316078984427452
2021-06-01,21,3526867,3512855,,,Community and Social Service,,,,0.5258759610378906,0.4120382113670072,0.4056462057741188,0.3523856990817724
2021-07-01,21,3533303,3524496,,,Community and Social Service,,,,0.4072351153368496,0.3859282686620267,0.3875665438150992,0.3479326825900669
2021-08-01,21,3561047,3536784,,,Community and Social Service,,,,0.5882345026734278,0.4952642294071507,0.399942584536161,0.3582497267969719
2021-09-01,21,3552076,3549762,,,Community and Social Service,,,,0.4298280105895263,0.4605979570526204,0.4027708437230792,0.3588991501297156
2021-10-01,21,3564784,3561812,,,Community and Social Service,,,,0.3659114496527752,0.3233027421947764,0.4037861908906769,0.3631869181327163
2021-11-01,21,3575471,3575780,,,Community and Social Service,,,,0.3338810896511215,0.2981109126045584,0.4655847567631169,0.4187096543361492
2021-12-01,21,3580156,3586747,,,Community and Social Service,,,,0.2773185013802912,0.2617422226676346,0.4032808043708904,0.3665905342698056
2022-01-01,21,3598857,3599243,476833.0,487469.3705975472,Community and Social Service,126533.0,57933.0,57423.0,0.5272515469932701,0.465054822170852,0.4039069944383118,0.3622420623939884
2022-02-01,21,3600616,3611536,492498.0,500652.510768789,Community and Social Service,118402.0,57447.0,57942.0,0.3099034247646611,0.3040620420319404,0.4096796030275659,0.36883433171693
2022-03-01,21,3610384,3622337,502048.0,495495.0011607921,Community and Social Service,144794.0,56890.0,58015.0,0.3276306528582299,0.2953313869205105,0.4063998112382125,0.370618082287196
2022-04-01,21,3616313,3630634,493529.0,506047.5813643266,Community and Social Service,128499.0,57458.0,58884.0,0.3191913304803995,0.2996781771407663,0.3964491535658301,0.3690264476615337
2022-05-01,21,3644167,3648918,514490.0,474769.21069193847,Community and Social Service,119384.0,58277.0,57622.0,0.459550104877859,0.3680057477748815,0.4137276324536835,0.3536040669025149
2022-06-01,21,3675236,3663493,455215.0,450873.5414340962,Community and Social Service,121855.0,58501.0,59184.0,0.5194197836836972,0.4182459258807804,0.4039101323231175,0.3561683556892372
2022-07-01,21,3683176,3677898,465466.0,472994.2797609164,Community and Social Service,117526.0,59451.0,59567.0,0.4047363802169416,0.3789473716507536,0.3919770228529399,0.3449806119228379
2022-08-01,21,3716307,3691985,483372.0,447648.1070503882,Community and Social Service,132102.0,61135.0,60826.0,0.5998021559176225,0.4930021814608202,0.4059761045890225,0.3601911493974135
2022-09-01,21,3706904,3704307,470965.0,503601.17300480255,Community and Social Service,132513.0,59893.0,60297.0,0.4116607900655602,0.4421903142280433,0.3837357532244085,0.3438196537732257
2022-10-01,21,3722436,3718825,507359.0,515812.1392979352,Community and Social Service,122781.0,61001.0,61026.0,0.3573822313369257,0.307535790227412,0.394257011522972,0.3474129662262899
2022-11-01,21,3732073,3732144,514852.0,541627.6091594031,Community and Social Service,111892.0,61420.0,61172.0,0.2804469256528036,0.2495568841964423,0.3906988328039107,0.3478739308452076
2022-12-01,21,3739100,3745034,529604.0,553073.0899573198,Community and Social Service,113906.0,63075.0,61477.0,0.2581241058108698,0.235984730723969,0.3662854502997369,0.3249814938493225
2023-01-01,21,3759359,3759351,548761.0,550120.5604536993,Community and Social Service,135184.0,62557.0,62088.0,0.4960853165377218,0.4321764493161437,0.3852181968879413,0.3395176553208622
2023-02-01,21,3763495,3772908,533059.0,529700.318009205,Community and Social Service,132791.0,64033.0,64379.0,0.289714632335544,0.2767392270981589,0.3814322211935751,0.3383148531750906
2023-03-01,21,3774952,3785837,590664.0,570898.9801188062,Community and Social Service,149558.0,64178.0,64840.0,0.3012576584179995,0.2650521703881258,0.3740254868201411,0.3330462231733705
2023-04-01,21,3782115,3794232,560517.0,560794.8005143533,Community and Social Service,136427.0,64202.0,64884.0,0.2890779875809501,0.2666984933556323,0.3574931024804318,0.3309433559452341
2023-05-01,21,3810336,3813854,545635.0,530085.7452216353,Community and Social Service,144753.0,64863.0,64429.0,0.4390370933241397,0.3503309876561374,0.3954380141076351,0.3337006553069649
2023-06-01,21,3839182,3830794,563323.0,566968.8834282974,Community and Social Service,146094.0,65331.0,65176.0,0.4842566938970638,0.394331039161163,0.3840998521153287,0.3310367293863452
2023-07-01,21,3849463,3847300,544647.0,553149.5167253689,Community and Social Service,126531.0,64452.0,64701.0,0.4017064024180261,0.3700460100398017,0.3849768083238324,0.3334941582702379
2023-08-01,21,3880517,3858464,556682.0,523313.87223309145,Community and Social Service,149496.0,63926.0,64195.0,0.5467727948705634,0.4508034408565602,0.3681775967737157,0.3334596153856418
2023-09-01,21,3871378,3869267,551237.0,543095.0530557861,Community and Social Service,133900.0,65512.0,65913.0,0.3867697022604682,0.415488242249483,0.3558467994136817,0.3223439203406477
2023-10-01,21,3885719,3882110,578143.0,570313.8852907396,Community and Social Service,139029.0,66673.0,67015.0,0.3387292600907616,0.294607057886042,0.3757385814832994,0.3360364584161069
2023-11-01,21,3893574,3893480,494728.0,522041.7827878456,Community and Social Service,134609.0,67779.0,67954.0,0.262104165291551,0.2379693420879167,0.3617987627054963,0.3267590192578537
2023-12-01,21,3899797,3904110,477455.0,508944.3408339895,Community and Social Service,131883.0,69892.0,68934.0,0.2401530531514197,0.2211690504245672,0.3355513401816866,0.3028790715104171
2024-01-01,21,3914385,3914298,520544.0,523635.6636727616,Community and Social Service,164415.0,66617.0,66175.0,0.4413239567314441,0.3969342049163313,0.3479720744565941,0.3167389784806323
2024-02-01,21,3917041,3924593,473465.0,473689.9310680315,Community and Social Service,137746.0,66606.0,66748.0,0.2663420909245851,0.2584169824781778,0.3503523375501212,0.3188704948964826
2024-03-01,21,3925585,3933781,513126.0,492718.5123434679,Community and Social Service,146341.0,68191.0,68353.0,0.2698011255643534,0.2437551812041162,0.3325588516587716,0.304535329984498
2024-04-01,21,3933486,3943317,497756.0,486073.6658652122,Community and Social Service,157830.0,69002.0,68870.0,0.2850787287099393,0.2612380614424848,0.3530989228291945,0.3240801237188616
2024-05-01,21,3951950,3953420,496092.0,487776.0977697271,Community and Social Service,150144.0,67826.0,67500.0,0.381432816892977,0.3255031241850743,0.3383426008983713,0.3076753726326528
2024-06-01,21,3968439,3963476,479200.0,480718.0351793863,Community and Social Service,139545.0,69856.0,68709.0,0.4173726002176985,0.3675952188665922,0.3375273793562143,0.3070836280979382
2024-07-01,21,3973457,3974380,485323.0,485759.9292271686,Community and Social Service,138937.0,67083.0,67747.0,0.3588341607056617,0.3437113877827802,0.3439837992563977,0.3110622294468048
2024-08-01,21,3998586,3980227,511225.0,494215.16929333616,Community and Social Service,145756.0,68225.0,69104.0,0.4901367308237938,0.4151761719317176,0.3263318884477742,0.3087033972433714
2024-09-01,21,3987340,3986147,501214.0,495532.5940690347,Community and Social Service,143706.0,70882.0,70770.0,0.3609964815183517,0.3949472964992507,0.3253921370023708,0.3075720820322636
2024-10-01,21,3996278,3992825,497937.0,485763.9117648201,Community and Social Service,159585.0,72923.0,73425.0,0.2892054071707685,0.2623984171263858,0.3222540235617277,0.302179582308694
2024-11-01,21,4000815,4000717,440125.0,472615.98119675793,Community and Social Service,133696.0,72446.0,72882.0,0.2316790758522659,0.2183230537196257,0.3177221683151833,0.2940538819113938
2024-12-01,21,4004909,4007427,408491.0,446439.13313467655,Community and Social Service,110507.0,69423.0,69635.0,0.230643550362314,0.2186383834497266,0.3172475447300241,0.2971550870871826
2025-01-01,21,4013134,4013005,434999.0,437045.2618240271,Community and Social Service,140355.0,69584.0,69118.0,0.3925203223652721,0.3687332549049719,0.31496584608256,0.2982914653656723
2025-02-01,21,4011753,4017154,429464.0,425168.3923621568,Community and Social Service,128514.0,69742.0,68618.0,0.2323851376232535,0.2367491136935003,0.306262470075483,0.2938688466646114
2025-03-01,21,4016693,4021861,422318.0,406114.215939548,Community and Social Service,118016.0,70895.0,72199.0,0.2517306273404636,0.2373013254481989,0.3085484335852708,0.2945076997617844
2025-04-01,21,4018482,4025669,422639.0,403994.6628549648,Community and Social Service,115061.0,74094.0,73450.0,0.2431054594150077,0.238338116972073,0.3043815794856926,0.2930255500104604
2025-05-01,21,4026710,4025839,481107.0,470063.70477377856,Community and Social Service,111128.0,72811.0,72814.0,0.3342404782820257,0.3101451244001778,0.2915099746995265,0.2910057782525246
2025-06-01,21,4033147,4031808,467271.0,471714.463934933,Community and Social Service,120646.0,78287.0,76205.0,0.3728620548749185,0.3541495471527696,0.3103046111128891,0.2925408232001282
2025-07-01,21,4033282,4037486,417817.0,423962.092164965,Community and Social Service,110077.0,68935.0,69873.0,0.3158544610164019,0.3156366763214329,0.3043284282254009,0.2874535835221116
2025-08-01,21,4057303,4043037,395242.0,391121.3452837592,Community and Social Service,107317.0,69872.0,70839.0,0.4516677603694833,0.3818566277147012,0.3000821468608773,0.2836094660123376
2025-09-01,21,4047136,4047040,380307.0,386407.88161750085,Community and Social Service,100902.0,71171.0,70794.0,0.334861991017566,0.3652182118739508,0.2961860919426601,0.2843165348260279
2025-10-01,21,4053755,4050607,376435.0,374700.7463034789,Community and Social Service,106261.0,70878.0,71221.0,0.2652736484454394,0.2458969160382175,0.2972315415662891,0.286661652225577
2025-11-01,21,4055997,4055907,354102.0,391302.18000277545,Community and Social Service,84679.0,70640.0,71317.0,0.2135183461736512,0.2073026337416177,0.2901888701595059,0.274508412371868
2025-12-01,21,4060404,4060976,349110.0,393862.9295761589,Community and Social Service,62107.0,69843.0,71350.0,0.214799681778741,0.2026271260664999,0.2895342384810738,0.2745537013287768
2026-01-01,21,4067069,4066928,373063.0,376432.9519808992,Community and Social Service,41809.0,72112.0,71478.0,0.3489003158102652,0.3297846542448698,0.286217784099093,0.2686544834668334
2026-02-01,21,4068575,4071708,394198.0,385236.9487039408,Community and Social Service,40483.0,74958.0,72617.0,0.2135004576126138,0.2094180493966347,0.2787537044409591,0.2646640447534424
2026-03-01,21,4076073,4077960,397955.0,381941.2428982203,Community and Social Service,42957.0,70091.0,72630.0,0.2330212309034684,0.212244124987956,0.282455531260928,0.2640599521789518
2026-04-01,21,4080711,4085145,409214.0,373977.5316656696,Community and Social Service,40171.0,75267.0,74180.0,0.2143389165595523,0.2011610004486968,0.2692043208651321,0.2481012586506348
2026-05-01,21,4092002,4088812,410556.0,399685.7306672258,Community and Social Service,44483.0,87430.0,87333.0,0.2997392590281306,0.2668358033659652,0.2575900872314505,0.2468232900769618
2026-06-01,21,4090811,4093405,408977.0,397104.988424479,Community and Social Service,43376.0,76427.0,73704.0,0.2919699839065796,0.2955653248987802,0.252445073716993,0.2389815519703047
2026-07-01,21,4091934,4099434,406340.0,398768.5381636568,Community and Social Service,38202.0,70837.0,72135.0,0.2562737059313223,0.2533892119671705,0.2490125629724898,0.2313627368345536
2026-08-01,21,4114691,4104761,372985.0,386985.01883776457,Community and Social Service,43226.0,73473.0,74799.0,0.3691360654718031,0.3029096525140183,0.2407958181977023,0.2252251655202743
2021-01-01,23,1802264,1798732,,,Legal,,,,0.506265666401729,0.4127952877074344,0.3173248858028701,0.2517567158753944
2021-02-01,23,1800529,1806262,,,Legal,,,,0.2236250709854448,0.2355447305352376,0.3119858713634177,0.2619494072876471
2021-03-01,23,1807319,1814454,,,Legal,,,,0.2668817384067816,0.2220303738367839,0.3288048345473334,0.2746393805068418
2021-04-01,23,1811122,1820705,,,Legal,,,,0.2525523880629506,0.2276030142349578,0.3136721282649605,0.2724719978692727
2021-05-01,23,1827648,1827010,,,Legal,,,,0.380951419883298,0.2725729902087018,0.309307140409686,0.267896810635439
2021-06-01,23,1841114,1840163,,,Legal,,,,0.3835175630753729,0.2959470505580105,0.3715050875452761,0.285735617486859
2021-07-01,23,1845997,1848972,,,Legal,,,,0.3050085754263044,0.2734526102697314,0.3370024882619709,0.2798307253212303
2021-08-01,23,1859292,1858262,,,Legal,,,,0.4590531821068982,0.3735280114609591,0.352427370563671,0.2924387463417989
2021-09-01,23,1870380,1866418,,,Legal,,,,0.4375720134973485,0.3664695440372963,0.3463964461846339,0.2939592213552618
2021-10-01,23,1884264,1875379,,,Legal,,,,0.3521315346349247,0.2638377111081876,0.352121253011796,0.2947730472208512
2021-11-01,23,1891648,1883757,,,Legal,,,,0.2871005649797631,0.2403528885717806,0.3914096502152285,0.3380458823970501
2021-12-01,23,1892206,1892006,,,Legal,,,,0.2125185842133408,0.2092286644704335,0.354872225393227,0.3025563331012237
2022-01-01,23,1904775,1901522,130003.0,147986.4775155508,Legal,17329.0,82485.0,80868.0,0.5419848318249054,0.4631432949959261,0.3474295107953195,0.2873749353990702
2022-02-01,23,1904935,1910838,140360.0,146548.104973731,Legal,16527.0,83455.0,81865.0,0.2682491071891419,0.2673005607138285,0.3665855256314157,0.3080741729793942
2022-03-01,23,1910869,1918316,150001.0,146581.41902531617,Legal,18998.0,82458.0,82989.0,0.2916213182465929,0.2544234630848599,0.3564536332619849,0.3096783020547425
2022-04-01,23,1913269,1923933,147741.0,146793.8518620636,Legal,17251.0,83568.0,83349.0,0.2741035465268902,0.2591062449771543,0.3446397880843376,0.3096158813830527
2022-05-01,23,1932635,1932420,169221.0,150211.56892885966,Legal,15725.0,81992.0,82627.0,0.4277097368770924,0.307602199615169,0.350118960857296,0.2974124962057265
2022-06-01,23,1942333,1941380,137184.0,129845.54813084628,Legal,13988.0,82654.0,83215.0,0.3576071064362531,0.297935312973513,0.345442974395421,0.2900693030947032
2022-07-01,23,1944949,1947980,141289.0,136098.29501675803,Legal,13538.0,82322.0,80151.0,0.2958950026673992,0.2798616324661253,0.3294099009396022,0.288755415533056
2022-08-01,23,1959110,1958246,138639.0,140283.41812674815,Legal,16567.0,82738.0,84208.0,0.4560856612894723,0.3696972126489558,0.3494769958407647,0.2865684201135077
2022-09-01,23,1968745,1964517,131610.0,140347.79625542933,Legal,17171.0,85865.0,86484.0,0.4171505154527454,0.3584240037353521,0.3219134670435103,0.2836072483612994
2022-10-01,23,1980676,1970781,138322.0,142335.11600903916,Legal,14427.0,83570.0,86768.0,0.326149941153719,0.2539736123366086,0.3224036321085876,0.284259706833582
2022-11-01,23,1984963,1976795,135866.0,140915.21966923145,Legal,11724.0,86661.0,87376.0,0.2317438748728055,0.2060256662851463,0.3206523226994651,0.2841436454079831
2022-12-01,23,1983230,1983381,138976.0,144437.86412553213,Legal,11585.0,89327.0,87483.0,0.1881237650090827,0.1989184967758681,0.319226181085072,0.2793765929554065
2023-01-01,23,1992981,1990026,144841.0,155407.8015754115,Legal,16288.0,90744.0,89206.0,0.4905131186938224,0.4320506533064233,0.3174222403436999,0.2773472025415648
2023-02-01,23,1991353,1996978,133758.0,137460.93511402747,Legal,15658.0,91332.0,91451.0,0.2262339668005247,0.236206245048783,0.315642577885029,0.2738683952173472
2023-03-01,23,1996015,2003574,151350.0,146094.31730825806,Legal,18260.0,91290.0,92477.0,0.2519086679272765,0.224221131868572,0.3122366284829757,0.2727278311562428
2023-04-01,23,1997108,2008732,141715.0,139023.65158674118,Legal,17343.0,92479.0,92184.0,0.238770519680148,0.2325276201326766,0.3051969830923473,0.2743904187901277
2023-05-01,23,2016399,2016613,139790.0,130465.02768702438,Legal,17907.0,92820.0,92638.0,0.4020485863696702,0.2874476178864739,0.3218705779951155,0.2749763369476457
2023-06-01,23,2023028,2021109,137112.0,134110.91913630755,Legal,18640.0,95174.0,94806.0,0.3212159614514884,0.281961734168026,0.3050542055450924,0.278356066543471
2023-07-01,23,2024664,2027505,135095.0,132023.96550146842,Legal,24029.0,97669.0,96487.0,0.2847394849584679,0.2754058037606992,0.322068736939043,0.284213441290907
2023-08-01,23,2033852,2033383,137804.0,139222.27184609586,Legal,19450.0,97364.0,98348.0,0.4038290313445786,0.3497495070881115,0.3078458484078445,0.2731540594097196
2023-09-01,23,2042994,2038323,138802.0,135593.88687573973,Legal,16665.0,96868.0,97054.0,0.3948838761612139,0.3416370301851377,0.2955383265396521,0.2664687704716884
2023-10-01,23,2055485,2044835,168270.0,170243.7642776629,Legal,18198.0,101966.0,102424.0,0.3157918593538965,0.2429838692559948,0.3085682210889461,0.2703588218452727
2023-11-01,23,2059697,2051466,151027.0,157726.86133036244,Legal,16905.0,103870.0,103555.0,0.2235417200210268,0.2001083884888539,0.3119116164281498,0.2731251597333712
2023-12-01,23,2057041,2057668,133667.0,139819.48360591786,Legal,14241.0,106482.0,106694.0,0.1719556083717255,0.1874613578847903,0.2951052215652394,0.2589373451123365
2024-01-01,23,2066329,2063832,151581.0,156522.76277535982,Legal,33962.0,106800.0,104994.0,0.4500135195717464,0.3963681176975818,0.296259543671972,0.2604066005306412
2024-02-01,23,2064604,2069861,141596.0,146331.81349331723,Legal,27529.0,102695.0,103433.0,0.2140006278097341,0.2243441011916447,0.3027037261932748,0.2677545281622203
2024-03-01,23,2068251,2075869,149386.0,141771.14458845937,Legal,30139.0,104082.0,106171.0,0.2281052118845904,0.2069763041751398,0.2864296615602567,0.2516972846184653
2024-04-01,23,2069260,2082002,145465.0,139321.2183565119,Legal,45466.0,109906.0,109474.0,0.2467373564972028,0.2409339787834118,0.3193625214166198,0.2840148101972814
2024-05-01,23,2087237,2088523,154408.0,147360.33586687205,Legal,47873.0,110801.0,110185.0,0.3788893940667055,0.2758319178089529,0.297596079953008,0.2601221845818099
2024-06-01,23,2093678,2090346,159649.0,158821.68657799842,Legal,48065.0,112476.0,110602.0,0.304456556628761,0.2676416495355739,0.279696673520686,0.2692330677562529
2024-07-01,23,2095497,2097654,150485.0,148660.09229144963,Legal,45868.0,109398.0,109963.0,0.271910594156185,0.2621939565884334,0.3112386128922586,0.2694343754954298
2024-08-01,23,2105341,2105136,166452.0,169308.52303362466,Legal,47392.0,110737.0,110981.0,0.3883850624774435,0.3324511986775929,0.2991970186255533,0.2565468960182885
2024-09-01,23,2116938,2111888,164687.0,157418.68962054953,Legal,44175.0,112740.0,112740.0,0.4046769313996435,0.3389576492142868,0.2963708620942438,0.2580023806892191
2024-10-01,23,2128787,2117341,164959.0,170641.56412697077,Legal,50753.0,113198.0,113987.0,0.2921778808565633,0.2254153419795646,0.2815833973864433,0.2506749696120043
2024-11-01,23,2131325,2123099,153489.0,168810.21895509626,Legal,39762.0,113367.0,112740.0,0.2042771172323561,0.1900074055075503,0.2889340723895243,0.2563971293258222
2024-12-01,23,2127579,2128765,138680.0,145082.1862585279,Legal,17758.0,108678.0,111314.0,0.1748306961854767,0.1959767147757602,0.3012879821484301,0.2693444217103237
2025-01-01,23,2136922,2134885,140420.0,137642.23672009117,Legal,47529.0,110354.0,106423.0,0.4518215169997182,0.3994751967672427,0.3033077397211667,0.2689000227096673
2025-02-01,23,2133296,2138205,140746.0,144427.16187715583,Legal,46522.0,111939.0,111780.0,0.1928551595539949,0.2133440767991953,0.2789365758251485,0.2603076781377506
2025-03-01,23,2134367,2142190,140544.0,132155.2549365124,Legal,44329.0,115814.0,117478.0,0.21964820101264,0.2137429091777249,0.2811142160414469,0.258788832704551
2025-04-01,23,2131539,2145395,157668.0,147091.0405163353,Legal,44070.0,112174.0,111677.0,0.2095727697989997,0.2263231162663249,0.2797725080783984,0.2618487083637938
2025-05-01,23,2147849,2150199,172023.0,175676.52802032733,Legal,40788.0,110200.0,110666.0,0.3564033378835852,0.2653684751625763,0.2736047534448537,0.2467889906896777
2025-06-01,23,2151297,2146542,168019.0,181964.57420584152,Legal,43890.0,112675.0,111544.0,0.2904263054814088,0.271681002655362,0.2576780420955874,0.2781221959624217
2025-07-01,23,2147154,2148573,144315.0,150285.62879090858,Legal,44109.0,114083.0,114873.0,0.2273067847385096,0.250779592678594,0.2663489590277207,0.2550118306400694
2025-08-01,23,2151290,2151318,145393.0,146829.11878484685,Legal,47153.0,118985.0,121010.0,0.3531681584094041,0.3315533768705375,0.2722134918194029,0.2568924138402352
2025-09-01,23,2159734,2154306,140911.0,140622.68791764803,Legal,43790.0,118980.0,118359.0,0.3861426767788347,0.3394897015886917,0.2725481729913326,0.2559044805662234
2025-10-01,23,2163235,2151092,128124.0,128191.1834900008,Legal,41172.0,117597.0,119572.0,0.2699377384850494,0.2506909493683757,0.2590453970393045,0.2769746304643615
2025-11-01,23,2163176,2155130,127991.0,139118.73380367257,Legal,35442.0,123175.0,122003.0,0.1888523215870287,0.1897850070360097,0.2735097573619356,0.2510239713574737
2025-12-01,23,2159566,2161318,133370.0,140527.91715879625,Legal,25627.0,120857.0,123168.0,0.1623982644305947,0.1828695532907291,0.2827960170632513,0.2484370988883736
2026-01-01,23,2164768,2163229,137906.0,128797.8422313702,Legal,29699.0,131441.0,125342.0,0.4033553360500316,0.3750916752865719,0.2722266568857452,0.2616275205787732
2026-02-01,23,2162562,2167076,136576.0,138250.7670527384,Legal,25701.0,128229.0,127047.0,0.1902105719352465,0.2025361555909849,0.2778130409123311,0.256515301247099
2026-03-01,23,2165063,2173095,138382.0,131569.8527623482,Legal,26417.0,127276.0,128346.0,0.2206155731228858,0.2067999714044046,0.2855096977828263,0.2522712819677117
2026-04-01,23,2164765,2179538,136308.0,128780.51515917126,Legal,24322.0,131387.0,130935.0,0.2108780227106586,0.2128259363421766,0.2832032887280106,0.2477312121880353
2026-05-01,23,2190661,2194062,135124.0,138206.75896003345,Legal,23507.0,131119.0,132636.0,0.4005475490839909,0.2588237099808784,0.3078313800584668,0.2283914928021264
2026-06-01,23,2205593,2199276,135870.0,137465.03064986237,Legal,24604.0,131460.0,130772.0,0.3401339237947605,0.2590977547716191,0.2940887672616663,0.2656364602822436
2026-07-01,23,2204952,2205585,141304.0,139778.09023726903,Legal,24275.0,129646.0,131050.0,0.2414969090315348,0.2451953813379131,0.2843363082360485,0.2500088147243551
2026-08-01,23,2211310,2211606,129015.0,137097.2498768715,Legal,21764.0,129906.0,134147.0,0.3359461455021617,0.3016164225012848,0.2614844355577435,0.2288168826068204
2021-01-01,25,6470072,6412501,,,Educational Instruction and Library,,,,0.3110630362957632,0.2627208892641569,0.2282294653557811,0.2118019718433909
2021-02-01,25,6460860,6425259,,,Educational Instruction and Library,,,,0.1166078195632349,0.1339854855517793,0.2374869784653319,0.2136619455275974
2021-03-01,25,6468200,6440350,,,Educational Instruction and Library,,,,0.1200513878456638,0.1064342026204598,0.257290668541404,0.2291713747618796
2021-04-01,25,6466803,6451122,,,Educational Instruction and Library,,,,0.1041104829056962,0.1069426347361209,0.2467357682729258,0.2266999861566836
2021-05-01,25,6455227,6470354,,,Educational Instruction and Library,,,,0.1707875399864177,0.1927034652053595,0.2431102998706424,0.2074437179942627
2021-06-01,25,6375449,6495149,,,Educational Instruction and Library,,,,0.2641812642295761,0.4158740044073129,0.264852123937824,0.2190432486128443
2021-07-01,25,6306941,6504885,,,Educational Instruction and Library,,,,0.3225952147984494,0.453805171099148,0.2530972383558928,0.2351355953914821
2021-08-01,25,6530875,6517375,,,Educational Instruction and Library,,,,0.9172940448831596,0.5070901412510496,0.2740337401613702,0.2510376092662953
2021-09-01,25,6574221,6532696,,,Educational Instruction and Library,,,,0.3394620040495179,0.2603788376678994,0.2667257176113733,0.2385825406804535
2021-10-01,25,6598616,6547760,,,Educational Instruction and Library,,,,0.1858944015479896,0.1415749204568084,0.2785256445857518,0.2509170969125919
2021-11-01,25,6611807,6565116,,,Educational Instruction and Library,,,,0.1418956098602461,0.1179587508203389,0.3032707989042469,0.2715507273119669
2021-12-01,25,6617657,6579312,,,Educational Instruction and Library,,,,0.1305783898890072,0.1200942565917172,0.2627530453329266,0.2368610741007568
2022-01-01,25,6648745,6593639,436927.0,480516.3139295943,Educational Instruction and Library,73999.0,46087.0,46778.0,0.3500070583231918,0.2939741816054037,0.2647880161353091,0.2387163241363793
2022-02-01,25,6645339,6609888,465269.0,484077.0118414571,Educational Instruction and Library,67581.0,45939.0,47148.0,0.1447246643182155,0.1509703337472587,0.2819932689683333,0.2524948065362064
2022-03-01,25,6654045,6624932,508463.0,495034.963282578,Educational Instruction and Library,86856.0,47334.0,47472.0,0.1387569585826672,0.1231085740717064,0.2912391677078709,0.263988224896093
2022-04-01,25,6652695,6634534,518894.0,508161.784346881,Educational Instruction and Library,76423.0,47668.0,48061.0,0.1153881896616616,0.1181584600950196,0.2661492974798562,0.2487803109913642
2022-05-01,25,6639466,6650201,540488.0,470816.8951074426,Educational Instruction and Library,68932.0,49897.0,47915.0,0.1940894824324365,0.2181028056283578,0.2671504512750217,0.2388824762748564
2022-06-01,25,6542354,6657782,478967.0,453782.7818116712,Educational Instruction and Library,68083.0,47712.0,47910.0,0.2761937551937957,0.4549209052152521,0.2663774084690503,0.2527136373591948
2022-07-01,25,6464353,6652197,492117.0,477392.7965716283,Educational Instruction and Library,74244.0,46777.0,47596.0,0.3355194520867523,0.4812865171110941,0.2525241086550185,0.2625977348144901
2022-08-01,25,6688414,6678269,519151.0,486256.8844540018,Educational Instruction and Library,84333.0,46473.0,48020.0,0.9200742539647612,0.5191063233058817,0.2905310187154038,0.2436824568009265
2022-09-01,25,6727046,6690739,496921.0,527783.3524957988,Educational Instruction and Library,83722.0,50244.0,49085.0,0.3234553349916632,0.2546377410213615,0.255324963207758,0.2329589552548642
2022-10-01,25,6749888,6703815,518710.0,543832.5579409561,Educational Instruction and Library,72413.0,50225.0,49702.0,0.1744331955712304,0.1338949601122918,0.259304059816648,0.2358955622280785
2022-11-01,25,6761044,6717967,530014.0,561700.0967641497,Educational Instruction and Library,64420.0,49743.0,49413.0,0.1257718301110591,0.106009315921778,0.2646559829492667,0.2393791229893082
2022-12-01,25,6767249,6730116,524934.0,580339.199714805,Educational Instruction and Library,59552.0,50415.0,49260.0,0.1252951025509079,0.114449612039412,0.2431510865759626,0.2214891038294275
2023-01-01,25,6795735,6744330,545670.0,585514.045674073,Educational Instruction and Library,80367.0,49599.0,50177.0,0.3256353957018895,0.2758876376517482,0.2531163528056896,0.2278260156449757
2023-02-01,25,6792840,6758143,563871.0,576787.2804697251,Educational Instruction and Library,80715.0,50349.0,51296.0,0.1299963277421977,0.1352200517135932,0.2529505371681471,0.2284238399154716
2023-03-01,25,6800057,6770601,654222.0,625404.2579011136,Educational Instruction and Library,89918.0,49941.0,50217.0,0.1254247763628952,0.112777188949619,0.2585006020488444,0.2364221641011842
2023-04-01,25,6799580,6779094,635855.0,603079.6368067848,Educational Instruction and Library,82934.0,50970.0,51433.0,0.1062885705970064,0.1072208169713714,0.240451868249202,0.2254172825222808
2023-05-01,25,6783069,6789507,657531.0,596586.6504891317,Educational Instruction and Library,83718.0,50677.0,49729.0,0.1805277135196576,0.2099409305357495,0.2464100706495991,0.2280080938286892
2023-06-01,25,6689794,6799945,651375.0,619527.8980512134,Educational Instruction and Library,77593.0,50438.0,50651.0,0.2491820366759283,0.4170213320469147,0.2455701044658051,0.2271501744436387
2023-07-01,25,6626695,6803949,634293.0,613082.6581744816,Educational Instruction and Library,79314.0,49891.0,49827.0,0.3156637359890046,0.4310765957564186,0.2416484005887032,0.2345871284876161
2023-08-01,25,6831651,6823925,651873.0,608358.8057744509,Educational Instruction and Library,92044.0,50547.0,51772.0,0.8212592850430604,0.4620179720893159,0.2546873962234018,0.2195579148905922
2023-09-01,25,6866991,6836548,615071.0,615871.6438994175,Educational Instruction and Library,76386.0,51075.0,50601.0,0.2982909332752529,0.2369963441222085,0.2392189636889639,0.2170613151567405
2023-10-01,25,6889684,6848813,602339.0,624689.3085076376,Educational Instruction and Library,72965.0,50700.0,50697.0,0.167283380919324,0.1278299474763169,0.2456424989072852,0.2241520181934265
2023-11-01,25,6899609,6860098,527796.0,576997.9508498462,Educational Instruction and Library,80668.0,56781.0,55961.0,0.1173528617986624,0.1003386626175524,0.2413351779180794,0.2215968043152542
2023-12-01,25,6906856,6871105,484435.0,551722.452555923,Educational Instruction and Library,58242.0,53103.0,52121.0,0.1204694264157642,0.1079511645845988,0.2262522598889147,0.2070281616587189
2024-01-01,25,6927471,6880802,533927.0,574430.0709803957,Educational Instruction and Library,87909.0,51625.0,51939.0,0.2869814868693815,0.2517128610484687,0.2292016828296187,0.2122913650099199
2024-02-01,25,6924983,6891091,521572.0,539850.1217514527,Educational Instruction and Library,80803.0,52119.0,52712.0,0.1202495283195923,0.1245776127146317,0.2317681373727627,0.2138486885367771
2024-03-01,25,6929688,6899654,565112.0,538485.9897676482,Educational Instruction and Library,82758.0,52459.0,52800.0,0.1084449108126944,0.1003165571891794,0.2214005675864711,0.2065083776299576
2024-04-01,25,6927812,6905549,612544.0,560686.648801711,Educational Instruction and Library,87970.0,53878.0,54603.0,0.1028287591573073,0.106186986013242,0.2305837799958641,0.2203386890396
2024-05-01,25,6907254,6908602,609320.0,553868.0326549044,Educational Instruction and Library,87709.0,55243.0,55233.0,0.1677460534425842,0.2035657864707347,0.224518903635698,0.2192177508786092
2024-06-01,25,6813261,6916834,610614.0,578396.24636784,Educational Instruction and Library,84851.0,56120.0,56539.0,0.2159309435052103,0.3827601244417119,0.2184005959732999,0.2041180197314874
2024-07-01,25,6757995,6922686,610404.0,589833.6447155199,Educational Instruction and Library,95020.0,54820.0,53903.0,0.27702356419678,0.376663117164118,0.2144671717532777,0.2043231293821591
2024-08-01,25,6928226,6923443,646246.0,606039.6914147739,Educational Instruction and Library,100223.0,56212.0,57166.0,0.699547050168932,0.4058563423333636,0.2031394347594515,0.2018281492415878
2024-09-01,25,6950779,6927104,583166.0,591929.8048317437,Educational Instruction and Library,90721.0,58319.0,58414.0,0.2577301634568446,0.2191466163289235,0.2086562944572643,0.202314147246146
2024-10-01,25,6965462,6930549,557240.0,574269.8252094093,Educational Instruction and Library,95998.0,59163.0,59492.0,0.1415444654580603,0.1163458001077122,0.2076585625105792,0.2016934748545016
2024-11-01,25,6971718,6936491,522496.0,589494.9362023156,Educational Instruction and Library,94776.0,60850.0,59856.0,0.1003537337817306,0.0904108563204153,0.2042523711625193,0.1939728162474077
2024-12-01,25,6975182,6941320,540854.0,630459.3850309835,Educational Instruction and Library,81961.0,60733.0,59836.0,0.1116553220327596,0.1058340992581838,0.2063704594100039,0.1980220113219333
2025-01-01,25,6986607,6945266,525494.0,556427.9800420519,Educational Instruction and Library,94037.0,59202.0,58279.0,0.243684943268841,0.2243952955531842,0.2003004554639962,0.1934825813435902
2025-02-01,25,6982256,6949452,570357.0,588578.4218605944,Educational Instruction and Library,115109.0,59434.0,58656.0,0.1018202479116156,0.109421330089179,0.1963641876610124,0.1891351016079414
2025-03-01,25,6984135,6953920,599265.0,564467.3582642054,Educational Instruction and Library,97146.0,60168.0,60795.0,0.0968860934654928,0.0940113169715757,0.196668261642664,0.188957062960234
2025-04-01,25,6982590,6958799,597198.0,529980.7077440991,Educational Instruction and Library,88656.0,59771.0,60769.0,0.0884449219669238,0.0918422907826426,0.1960483780078091,0.1876355294512263
2025-05-01,25,6962374,6958454,605120.0,553951.5448293001,Educational Instruction and Library,86714.0,60423.0,61043.0,0.1450430517690444,0.1809451640504821,0.1908289022946669,0.1914247737041357
2025-06-01,25,6881037,6977015,586391.0,551027.1693477515,Educational Instruction and Library,190581.0,60475.0,60705.0,0.1900369349456028,0.3329187464836607,0.201066909275278,0.1691425649413063
2025-07-01,25,6834748,6985075,576290.0,574825.9779264407,Educational Instruction and Library,190872.0,60305.0,60313.0,0.2397710130589022,0.323276507033838,0.1882693974644377,0.1744230541783947
2025-08-01,25,6973044,6971378,574216.0,535744.6090844085,Educational Instruction and Library,170627.0,60422.0,62805.0,0.5802453890515444,0.3456555681296892,0.1575967303476151,0.1811755996825624
2025-09-01,25,6990389,6973720,510077.0,525977.5854174175,Educational Instruction and Library,186979.0,61282.0,61064.0,0.2194575692035041,0.1901206472198598,0.1798236639480843,0.1757941031983807
2025-10-01,25,6999085,6970332,488271.0,513365.3483355657,Educational Instruction and Library,150733.0,61568.0,61719.0,0.1186465817246771,0.1039535495652043,0.1730507288955051,0.1788833194961314
2025-11-01,25,7001510,6970832,445679.0,531593.3357814226,Educational Instruction and Library,122798.0,63127.0,62607.0,0.0840384610454602,0.0804711602082486,0.1686041899483512,0.1677428244349577
2025-12-01,25,7004064,6972349,451565.0,541884.6740419269,Educational Instruction and Library,87808.0,63912.0,62782.0,0.0973706197305911,0.0933440634266485,0.174558103495679,0.1719473189868841
2026-01-01,25,7013754,6978081,502429.0,521980.0072464879,Educational Instruction and Library,123353.0,63854.0,61870.0,0.2075665652620554,0.1915141481097345,0.1765294720040778,0.1666739072167234
2026-02-01,25,7012677,6981145,511559.0,528712.7661029148,Educational Instruction and Library,76783.0,64174.0,62101.0,0.0893997605872212,0.0913961310622548,0.1679646657467702,0.1626979360321648
2026-03-01,25,7012126,6981973,572022.0,518590.3057588006,Educational Instruction and Library,162914.0,62199.0,62661.0,0.0796990023667383,0.0808700623669296,0.1608337009013505,0.1594106348114424
2026-04-01,25,7010726,6986109,623960.0,507615.950628782,Educational Instruction and Library,67299.0,61810.0,62790.0,0.0725214378111861,0.075192687373605,0.1590917818221477,0.151987790113669
2026-05-01,25,6996346,6988180,605185.0,561660.9170297616,Educational Instruction and Library,25590.0,62797.0,64009.0,0.1195048769019097,0.1443930264614107,0.1536986315949707,0.150142277511997
2026-06-01,25,6939947,7029586,592846.0,561175.7224904073,Educational Instruction and Library,29613.0,64326.0,64667.0,0.1523061742339132,0.2505935973453935,0.180322131220215,0.1096397878014884
2026-07-01,25,6905502,7042708,583360.0,575397.6554804577,Educational Instruction and Library,31472.0,64354.0,64758.0,0.1949635113813697,0.25546770045949,0.1571968182882534,0.1348397504958562
2026-08-01,25,7016122,7019799,492219.0,468715.246295008,Educational Instruction and Library,29658.0,62227.0,65670.0,0.4936810281691403,0.3058106513103447,0.1267371038577953,0.1658986589014174
2021-01-01,27,3246068,3249764,,,"Arts, Design, Entertainment, Sports, and Media",,,,0.5380321005547838,0.5062772228605569,0.3755840089979566,0.3564778650614656
2021-02-01,27,3246399,3262380,,,"Arts, Design, Entertainment, Sports, and Media",,,,0.2946432021496111,0.2941795763348438,0.3922814196983174,0.345876553364131
2021-03-01,27,3262023,3276241,,,"Arts, Design, Entertainment, Sports, and Media",,,,0.3612854290903173,0.3041703977866156,0.4317299740715593,0.3809599072686934
2021-04-01,27,3273314,3287549,,,"Arts, Design, Entertainment, Sports, and Media",,,,0.3501956540428821,0.309145646934058,0.4042727903000245,0.3630001485555901
2021-05-01,27,3303900,3313289,,,"Arts, Design, Entertainment, Sports, and Media",,,,0.5107200043084681,0.4006330930796633,0.4345866936363945,0.3413630945384184
2021-06-01,27,3343525,3328049,,,"Arts, Design, Entertainment, Sports, and Media",,,,0.6022547542517592,0.4609771710218805,0.4436737423837952,0.3904501951813717
2021-07-01,27,3356385,3341530,,,"Arts, Design, Entertainment, Sports, and Media",,,,0.4144800462914444,0.3687992446300827,0.4386880132799756,0.390279120702217
2021-08-01,27,3388593,3354669,,,"Arts, Design, Entertainment, Sports, and Media",,,,0.6076780873857895,0.4942218159479237,0.4427091177855726,0.3957116837965491
2021-09-01,27,3371608,3368527,,,"Arts, Design, Entertainment, Sports, and Media",,,,0.4643397378331119,0.5250054536408946,0.4488806395537893,0.3995083977744987
2021-10-01,27,3382058,3381581,,,"Arts, Design, Entertainment, Sports, and Media",,,,0.375947159925969,0.339370080279585,0.4458318886522379,0.3995085896271589
2021-11-01,27,3393183,3395181,,,"Arts, Design, Entertainment, Sports, and Media",,,,0.341127738038226,0.3024199579365627,0.4847870487147231,0.4367226165176983
2021-12-01,27,3399616,3408642,,,"Arts, Design, Entertainment, Sports, and Media",,,,0.2981125881112892,0.2756373993556781,0.4455047562046332,0.3981114128875613
2022-01-01,27,3416959,3421373,593990.0,656128.345406762,"Arts, Design, Entertainment, Sports, and Media",113431.0,56250.0,56799.0,0.611065412822194,0.5509438479905314,0.440038802567196,0.3953861469055164
2022-02-01,27,3419145,3434582,643441.0,640531.6708859295,"Arts, Design, Entertainment, Sports, and Media",109762.0,55471.0,56792.0,0.3433906538741164,0.3359144578524449,0.4471609228889383,0.4010147115371952
2022-03-01,27,3433812,3447287,664054.0,623388.9873137433,"Arts, Design, Entertainment, Sports, and Media",131834.0,55783.0,57103.0,0.388742491466963,0.3378449018455013,0.4594434120558674,0.4152147678033175
2022-04-01,27,3444906,3458346,643475.0,619879.5917737997,"Arts, Design, Entertainment, Sports, and Media",117176.0,56474.0,56721.0,0.3833009843176252,0.3448291476302473,0.4383576604013135,0.3999826937730289
2022-05-01,27,3475159,3480635,708571.0,646361.8704955342,"Arts, Design, Entertainment, Sports, and Media",89972.0,56601.0,55509.0,0.5471731431610476,0.4431488521939932,0.459650325155917,0.3828058661762933
2022-06-01,27,3508685,3495036,558586.0,535968.3391427004,"Arts, Design, Entertainment, Sports, and Media",90046.0,53243.0,52984.0,0.5882954375056483,0.4748051452585057,0.442198423326099,0.3927568176710321
2022-07-01,27,3517025,3503882,545228.0,535943.721445872,"Arts, Design, Entertainment, Sports, and Media",85622.0,53550.0,54210.0,0.3973423948634313,0.3691675855293196,0.4208037087840947,0.3905051589235187
2022-08-01,27,3546264,3514212,530020.0,545481.3279557482,"Arts, Design, Entertainment, Sports, and Media",91979.0,53955.0,54893.0,0.5914390187087111,0.4928897144628293,0.4311208377448899,0.395846888418722
2022-09-01,27,3523752,3521632,507794.0,554648.8829478532,"Arts, Design, Entertainment, Sports, and Media",90093.0,56578.0,55732.0,0.4312798612292156,0.5083205461189827,0.413036846104525,0.3877538166287005
2022-10-01,27,3530901,3531070,534356.0,551889.5614713045,"Arts, Design, Entertainment, Sports, and Media",73833.0,53785.0,55260.0,0.3487492995455913,0.3247121819781994,0.4153354537270222,0.3832610884753908
2022-11-01,27,3536030,3538537,538193.0,555050.7084528508,"Arts, Design, Entertainment, Sports, and Media",63932.0,53523.0,54595.0,0.2880803394791925,0.270988237457761,0.4126572932262282,0.3873360115216742
2022-12-01,27,3536463,3543419,502114.0,555217.5930076925,"Arts, Design, Entertainment, Sports, and Media",62411.0,57265.0,54765.0,0.2657714617243468,0.2647688491053477,0.3903066414533344,0.3737799696347421
2023-01-01,27,3542906,3547918,525306.0,557109.6852488802,"Arts, Design, Entertainment, Sports, and Media",86281.0,54707.0,54362.0,0.5314534167289492,0.5102658954671692,0.3884215658903965,0.3731984949998303
2023-02-01,27,3537895,3552296,511069.0,503628.31359741936,"Arts, Design, Entertainment, Sports, and Media",100165.0,55776.0,56404.0,0.2881157995600669,0.305413477684171,0.3782555626835805,0.3634672944879821
2023-03-01,27,3545095,3556403,576523.0,531158.513500944,"Arts, Design, Entertainment, Sports, and Media",116219.0,55923.0,57481.0,0.3268139331147321,0.3027813956419671,0.3856668608281466,0.3718075978779022
2023-04-01,27,3547600,3559200,541610.0,510752.0631793799,"Arts, Design, Entertainment, Sports, and Media",103285.0,58586.0,58935.0,0.3136782196022835,0.3061333358222198,0.3615767149255145,0.3521504687969812
2023-05-01,27,3565669,3567923,491982.0,464203.2215466559,"Arts, Design, Entertainment, Sports, and Media",102554.0,56979.0,57334.0,0.4763160567805305,0.4167331093141357,0.3934061652401944,0.3640667425919088
2023-06-01,27,3580682,3570032,511200.0,497493.4285915667,"Arts, Design, Entertainment, Sports, and Media",103614.0,59541.0,58614.0,0.4991154123628648,0.449761785422299,0.3792391435921807,0.3721503419917612
2023-07-01,27,3583118,3572287,496762.0,489814.44555696746,"Arts, Design, Entertainment, Sports, and Media",97520.0,57801.0,57165.0,0.3584893327301711,0.3518065945068287,0.3767880642880131,0.3692153675295641
2023-08-01,27,3604401,3575204,481820.0,495153.890153023,"Arts, Design, Entertainment, Sports, and Media",110118.0,57841.0,57761.0,0.5266637516166752,0.4567639805980021,0.3802086708631388,0.3704148190338057
2023-09-01,27,3576557,3576254,474939.0,476914.6141771708,"Arts, Design, Entertainment, Sports, and Media",77989.0,56459.0,56423.0,0.3815966992387522,0.4757063409355033,0.3643166376801681,0.3607979539129103
2023-10-01,27,3578546,3579428,492514.0,498700.4895209374,"Arts, Design, Entertainment, Sports, and Media",76158.0,58260.0,58638.0,0.3120721098549805,0.3059995744124309,0.3711520509811105,0.3605118253294401
2023-11-01,27,3579567,3582461,417547.0,439305.47334189847,"Arts, Design, Entertainment, Sports, and Media",66472.0,57863.0,58620.0,0.2554808953306943,0.2522533034237301,0.3665748007832405,0.3564162212869589
2023-12-01,27,3580720,3585731,379095.0,416588.9752726523,"Arts, Design, Entertainment, Sports, and Media",61511.0,57978.0,57698.0,0.2509684022190298,0.2476846384487432,0.3568055530189469,0.3458600525660782
2024-01-01,27,3581645,3587255,407087.0,422755.0390094785,"Arts, Design, Entertainment, Sports, and Media",114669.0,59577.0,59089.0,0.4858319671400091,0.4838726133996738,0.3610535897067851,0.3559526989434342
2024-02-01,27,3576733,3589608,371267.0,366885.8442305264,"Arts, Design, Entertainment, Sports, and Media",98693.0,58086.0,58310.0,0.278625147325914,0.2954429397020747,0.3640794359310859,0.3562157748430569
2024-03-01,27,3582793,3591422,393579.0,364070.20469728747,"Arts, Design, Entertainment, Sports, and Media",103248.0,59058.0,60977.0,0.3023480904088078,0.2824583662885451,0.3556146934222098,0.3495481826761047
2024-04-01,27,3583867,3592519,392122.0,365409.73766061966,"Arts, Design, Entertainment, Sports, and Media",107649.0,62319.0,62915.0,0.3107032010582543,0.3082730382800816,0.3585838176095676,0.3549246800486856
2024-05-01,27,3595402,3594648,393858.0,373420.1461888883,"Arts, Design, Entertainment, Sports, and Media",117583.0,68139.0,69102.0,0.4503330011899655,0.4129525296779394,0.3690202603791446,0.3619075696073089
2024-06-01,27,3601902,3593764,391672.0,384851.7624421377,"Arts, Design, Entertainment, Sports, and Media",107515.0,69481.0,67850.0,0.4552824295483391,0.4351942528276236,0.3551034113274489,0.3580565489027479
2024-07-01,27,3604889,3596578,383589.0,377016.3389246352,"Arts, Design, Entertainment, Sports, and Media",106978.0,67363.0,66052.0,0.3518430514066193,0.3425847959814496,0.3638362706389669,0.3544441074356098
2024-08-01,27,3627405,3601323,408653.0,427476.9380101509,"Arts, Design, Entertainment, Sports, and Media",106443.0,65939.0,65511.0,0.5076190361548323,0.4349257174116661,0.3676929114679511,0.3518819639636631
2024-09-01,27,3600452,3602243,394131.0,399570.8017553852,"Arts, Design, Entertainment, Sports, and Media",108415.0,67076.0,67185.0,0.3716466723910056,0.4625957231097448,0.3525321119125765,0.3494676621769019
2024-10-01,27,3601411,3603099,380537.0,379301.29150590446,"Arts, Design, Entertainment, Sports, and Media",108814.0,66740.0,66521.0,0.2928355671245641,0.2901333980319052,0.3461990915917605,0.3433494818508203
2024-11-01,27,3598985,3602231,374290.0,402832.7463578211,"Arts, Design, Entertainment, Sports, and Media",101407.0,65460.0,66264.0,0.2371948081790078,0.2459670322651152,0.3407883597682692,0.3436744700315186
2024-12-01,27,3596724,3599958,368028.0,406602.5790930073,"Arts, Design, Entertainment, Sports, and Media",72872.0,65191.0,66127.0,0.2459844145055413,0.2545409070387746,0.3415403047964402,0.349114747577824
2025-01-01,27,3592042,3598048,354381.0,358247.55155382527,"Arts, Design, Entertainment, Sports, and Media",109776.0,62422.0,59666.0,0.4474974762048205,0.4651441269810124,0.3380948044842818,0.3444673798770185
2025-02-01,27,3585071,3596369,367658.0,361910.917751962,"Arts, Design, Entertainment, Sports, and Media",110048.0,63585.0,62393.0,0.2571414720699617,0.2813212842503543,0.3362343433309335,0.3418362625384102
2025-03-01,27,3586346,3592322,377482.0,347516.6683032816,"Arts, Design, Entertainment, Sports, and Media",99263.0,62168.0,63708.0,0.2816818932681231,0.2778260759665845,0.3317196972398951,0.3452381121887187
2025-04-01,27,3584691,3590372,391935.0,358316.9101981566,"Arts, Design, Entertainment, Sports, and Media",87892.0,60400.0,61486.0,0.2859398573881532,0.2936982522125851,0.3312012451909596,0.337728985069699
2025-05-01,27,3587319,3584030,402002.0,382233.9518361892,"Arts, Design, Entertainment, Sports, and Media",85220.0,56986.0,58431.0,0.396815349966615,0.3898220179714733,0.3216377087969752,0.3428785654381889
2025-06-01,27,3582680,3576864,387056.0,384448.4599615804,"Arts, Design, Entertainment, Sports, and Media",86020.0,61086.0,59886.0,0.4086240008348598,0.4264026312785338,0.3261701806712422,0.3502114855113665
2025-07-01,27,3579423,3573616,372547.0,373319.6227327001,"Arts, Design, Entertainment, Sports, and Media",81452.0,64142.0,61819.0,0.3136365526331571,0.3264012963583734,0.3212242406254325,0.3321352521805322
2025-08-01,27,3594206,3571594,375043.0,399164.3625937333,"Arts, Design, Entertainment, Sports, and Media",91664.0,66154.0,68141.0,0.4538749568948065,0.4071957914903485,0.3268614947466076,0.3336486969275475
2025-09-01,27,3568506,3572294,359695.0,371020.5878510437,"Arts, Design, Entertainment, Sports, and Media",83175.0,67997.0,68003.0,0.345130545674149,0.4333046779035541,0.3268495747045512,0.3244984463418896
2025-10-01,27,3566048,3568433,353436.0,358400.7846682819,"Arts, Design, Entertainment, Sports, and Media",82817.0,68451.0,69280.0,0.2733317678795943,0.2824130227307533,0.3224881012018095,0.3354730659720252
2025-11-01,27,3563449,3566968,337072.0,380938.4962676312,"Arts, Design, Entertainment, Sports, and Media",72072.0,68412.0,69773.0,0.2260784171130798,0.2360873094122961,0.3231712013724087,0.3281005853168748
2025-12-01,27,3562829,3564314,339673.0,384549.956704672,"Arts, Design, Entertainment, Sports, and Media",54236.0,68086.0,70492.0,0.2349516004923161,0.2386054935629864,0.3153221992984367,0.324258951970569
2026-01-01,27,3559387,3565691,370850.0,370533.9266785825,"Arts, Design, Entertainment, Sports, and Media",46527.0,78633.0,73765.0,0.4104481470154209,0.4241445737050757,0.317591057342605,0.3129557190621713
2026-02-01,27,3553306,3562889,392565.0,384702.6826775226,"Arts, Design, Entertainment, Sports, and Media",44195.0,78159.0,75699.0,0.237674490833714,0.259295992362228,0.3096236929960591,0.3190643817644587
2026-03-01,27,3558207,3561504,418091.0,378922.34112489584,"Arts, Design, Entertainment, Sports, and Media",45537.0,74303.0,74908.0,0.277936129153353,0.2634701071754354,0.3266242825021392,0.331290589020124
2026-04-01,27,3561069,3563851,431018.0,379059.9559566677,"Arts, Design, Entertainment, Sports, and Media",44175.0,74622.0,76198.0,0.2750389032022479,0.2657687954482209,0.3173011301358437,0.3093949255061808
2026-05-01,27,3567485,3562229,418905.0,398006.2606752976,"Arts, Design, Entertainment, Sports, and Media",38385.0,73690.0,75095.0,0.3514108185287941,0.3309084806767048,0.2836520137949462,0.2891202557679112
2026-06-01,27,3566519,3563142,403188.0,400385.70982647984,"Arts, Design, Entertainment, Sports, and Media",38471.0,75057.0,74475.0,0.3423026852247722,0.3466142433514028,0.2834743975178092,0.2803992589693528
2026-07-01,27,3566046,3562805,411269.0,406945.7366309325,"Arts, Design, Entertainment, Sports, and Media",36753.0,76322.0,73299.0,0.2749039227926478,0.2767616405707606,0.2770073295121464,0.2781451235500811
2026-08-01,27,3582932,3563785,365790.0,403252.4355741808,"Arts, Design, Entertainment, Sports, and Media",39125.0,71866.0,75574.0,0.3738587686012005,0.3182635904346811,0.2657243561718916,0.2624223801557644
2021-01-01,29,10472238,10458157,,,Healthcare Practitioners and Technical,,,,0.3968232291925305,0.3448899671120633,0.2877354214370218,0.2498556448741153
2021-02-01,29,10482957,10491936,,,Healthcare Practitioners and Technical,,,,0.2513488318945394,0.2393700922363898,0.2905635650656,0.2519297786962364
2021-03-01,29,10517443,10531228,,,Healthcare Practitioners and Technical,,,,0.275999454781025,0.2369677123130897,0.31662627981654,0.2718537638380108
2021-04-01,29,10528511,10558760,,,Healthcare Practitioners and Technical,,,,0.240093762466365,0.2278271760298376,0.2971713246927168,0.2658806082122377
2021-05-01,29,10559890,10593219,,,Healthcare Practitioners and Technical,,,,0.2851566913073372,0.2495923780388865,0.2997957651208033,0.2607604749950809
2021-06-01,29,10613068,10630577,,,Healthcare Practitioners and Technical,,,,0.3559077763560387,0.296105895700954,0.3129619978691424,0.2707920591906205
2021-07-01,29,10654712,10657954,,,Healthcare Practitioners and Technical,,,,0.359980104256946,0.3131248733178804,0.299836841279819,0.2690132909734089
2021-08-01,29,10710844,10687783,,,Healthcare Practitioners and Technical,,,,0.3940386925275264,0.3313166757054354,0.3151222830942831,0.2816320500268507
2021-09-01,29,10742043,10725466,,,Healthcare Practitioners and Technical,,,,0.3302183968116931,0.2954437451111223,0.3206421586935514,0.2784806239343433
2021-10-01,29,10778149,10746864,,,Healthcare Practitioners and Technical,,,,0.317929125638054,0.2778093589961659,0.3135751230521288,0.2896840263931789
2021-11-01,29,10797385,10777433,,,Healthcare Practitioners and Technical,,,,0.2811207976260568,0.2598798350274295,0.3578383898025177,0.3238011808502138
2021-12-01,29,10805049,10803902,,,Healthcare Practitioners and Technical,,,,0.2229919735170868,0.2145797260574964,0.3135512336257677,0.2841522758668366
2022-01-01,29,10847566,10835204,2810298.0,2780309.535494324,Healthcare Practitioners and Technical,668788.0,83441.0,84433.0,0.4213756134446828,0.3745685086222436,0.3125664324868245,0.2778988884985264
2022-02-01,29,10858341,10867048,2758453.0,2854979.8003612324,Healthcare Practitioners and Technical,559796.0,85161.0,88838.0,0.274294973539554,0.2626126749751636,0.317282997544286,0.2821186744732032
2022-03-01,29,10877017,10887623,2781668.0,2821191.1233199304,Healthcare Practitioners and Technical,648722.0,85644.0,89545.0,0.271399653701644,0.2508834106940963,0.3085379176394968,0.2858609603902681
2022-04-01,29,10880083,10911705,2640154.0,2844027.6167878862,Healthcare Practitioners and Technical,598662.0,86723.0,88606.0,0.2459007846257198,0.2425341350631734,0.3049398354042322,0.2784554414160325
2022-05-01,29,10907889,10940959,2945644.0,2740008.0834243945,Healthcare Practitioners and Technical,632930.0,89484.0,90437.0,0.2962830451828017,0.2657603499870539,0.3092428211678982,0.2771569583701712
2022-06-01,29,10954797,10970506,2718633.0,2644870.480977837,Healthcare Practitioners and Technical,633492.0,92918.0,92916.0,0.3420532911047539,0.2908061647449749,0.2993279605477027,0.2670092268879231
2022-07-01,29,10992638,10995765,2782437.0,2841148.173524537,Healthcare Practitioners and Technical,659471.0,95710.0,94044.0,0.3496615565527399,0.3085799565637354,0.2880439048807138,0.2604783541845266
2022-08-01,29,11045526,11024345,2879403.0,2833893.4390153266,Healthcare Practitioners and Technical,753100.0,94542.0,95121.0,0.3724799634138829,0.315101491140854,0.3008345005425924,0.2697254352273132
2022-09-01,29,11072813,11052813,2757832.0,3005816.290839553,Healthcare Practitioners and Technical,732573.0,95991.0,95131.0,0.2972325924386619,0.26772207385568,0.283854120695038,0.2529451307534134
2022-10-01,29,11111111,11079027,3124558.0,3083974.4528900506,Healthcare Practitioners and Technical,833119.0,97608.0,96869.0,0.2906566507390902,0.2494955666481533,0.2871290593687232,0.2587364371569783
2022-11-01,29,11128626,11109048,3288686.0,3260166.0901480084,Healthcare Practitioners and Technical,809421.0,100436.0,97877.0,0.2261315233730348,0.2074239733815838,0.286623629392054,0.2541950659743646
2022-12-01,29,11134729,11134448,3351241.0,3356377.9692527354,Healthcare Practitioners and Technical,792769.0,100157.0,96454.0,0.1938824052249873,0.1874250690007438,0.2750383378356875,0.2476630550730565
2023-01-01,29,11165515,11157351,3535542.0,3461218.2053180425,Healthcare Practitioners and Technical,847652.0,97592.0,97822.0,0.3620399926646031,0.3292694377775481,0.2755855979595775,0.2509528868243879
2023-02-01,29,11175559,11185278,3287432.0,3338522.655936993,Healthcare Practitioners and Technical,785671.0,95190.0,98292.0,0.235893679500895,0.2252045343781447,0.2756615758882987,0.2457003589432975
2023-03-01,29,11197451,11210570,3636566.0,3596368.281423078,Healthcare Practitioners and Technical,844702.0,93808.0,96551.0,0.2400498496019278,0.2166128141673422,0.2722735994317619,0.2452012061978578
2023-04-01,29,11200087,11231492,3584704.0,3729239.195962566,Healthcare Practitioners and Technical,873667.0,95201.0,96983.0,0.2163002114982188,0.2135842085776572,0.2662834581680769,0.2439294568185284
2023-05-01,29,11230444,11262197,3645282.0,3578436.472679992,Healthcare Practitioners and Technical,909643.0,96545.0,97222.0,0.268351758050101,0.23613902232376,0.2788151231603331,0.2460991428760994
2023-06-01,29,11277887,11290654,3965010.0,3784657.639306408,Healthcare Practitioners and Technical,856136.0,96813.0,96384.0,0.3135639683128476,0.2633539464163381,0.2702881814640932,0.2400435237429466
2023-07-01,29,11319868,11319811,4111087.0,4015536.967311503,Healthcare Practitioners and Technical,698460.0,96851.0,95650.0,0.3331312936965043,0.2888855314544356,0.2693873573467988,0.2384794455637191
2023-08-01,29,11362875,11341019,3827032.0,3735233.0265723695,Healthcare Practitioners and Technical,878448.0,97814.0,97786.0,0.316552275514504,0.2712728317509975,0.2564853171007948,0.2340448566507518
2023-09-01,29,11383906,11362111,3983023.0,4099116.822638805,Healthcare Practitioners and Technical,789148.0,96625.0,96003.0,0.2643911880003243,0.2422820299519293,0.2492880420120707,0.2270131615651165
2023-10-01,29,11416661,11385916,3885341.0,3746199.6585296826,Healthcare Practitioners and Technical,850377.0,97574.0,96969.0,0.259499922439092,0.2253965039134068,0.2599984829515371,0.2349103646196099
2023-11-01,29,11426833,11409174,3576148.0,3700287.076369664,Healthcare Practitioners and Technical,934232.0,99721.0,98329.0,0.1956522159840907,0.1850754446180955,0.2500539273382799,0.2255910425468375
2023-12-01,29,11426757,11427236,3517866.0,3618857.791515132,Healthcare Practitioners and Technical,738846.0,97731.0,96150.0,0.1674675941522671,0.1676419770044219,0.2375415334359668,0.2185741674589795
2024-01-01,29,11451641,11448468,3758886.0,3750154.553593791,Healthcare Practitioners and Technical,884218.0,96157.0,96100.0,0.3083260017428988,0.2824657633247283,0.2430481077959284,0.2207948246293788
2024-02-01,29,11459734,11470506,3496270.0,3606036.932313484,Healthcare Practitioners and Technical,819699.0,96688.0,98401.0,0.2045869400524245,0.1962749749274848,0.2406233436351547,0.2175685458889431
2024-03-01,29,11474736,11488652,3897780.0,3757906.328704204,Healthcare Practitioners and Technical,1103965.0,99843.0,102061.0,0.2037729305428225,0.1881232166328084,0.2284125353307854,0.2094592131264339
2024-04-01,29,11479588,11510933,4035163.0,3976062.989621717,Healthcare Practitioners and Technical,1340510.0,99643.0,100465.0,0.2000168128398749,0.1953318797636234,0.2460086650180211,0.2227803768922021
2024-05-01,29,11499040,11528162,3778009.0,3790877.0515133976,Healthcare Practitioners and Technical,1379182.0,100611.0,101065.0,0.2239554145347264,0.2037778338387842,0.2318720477422871,0.2139379515495758
2024-06-01,29,11535631,11542381,3714024.0,3580408.690380609,Healthcare Practitioners and Technical,1368730.0,100836.0,100232.0,0.2681249322372735,0.2302712699353516,0.2251335335238042,0.2103506026931284
2024-07-01,29,11568578,11564557,3488190.0,3359359.090340148,Healthcare Practitioners and Technical,1151872.0,99427.0,98484.0,0.294876259570873,0.2608238559695828,0.2354871718661531,0.2124753472093773
2024-08-01,29,11601462,11580423,4200005.0,4101899.732402201,Healthcare Practitioners and Technical,1184705.0,99289.0,98822.0,0.2746061891064714,0.240748810613748,0.2216694843227653,0.2052305635509317
2024-09-01,29,11620545,11599022,4173707.0,4478670.056847261,Healthcare Practitioners and Technical,1078875.0,99820.0,99833.0,0.2421935637603973,0.2225158876985574,0.2259857603261921,0.2067432896408886
2024-10-01,29,11641228,11612843,4326168.0,4205440.063526053,Healthcare Practitioners and Technical,1209710.0,102048.0,101772.0,0.2147924903934802,0.193540189006212,0.2177736288889223,0.2034925125438527
2024-11-01,29,11644621,11629595,4004059.0,4361036.127151111,Healthcare Practitioners and Technical,961838.0,100266.0,100306.0,0.1668716412590476,0.1634664000376494,0.2150670012273157,0.1977828441006957
2024-12-01,29,11645691,11647234,4384114.0,4685462.917526144,Healthcare Practitioners and Technical,777795.0,98546.0,98157.0,0.1556200442455102,0.1546535063929997,0.2190111993545876,0.2008379628961087
2025-01-01,29,11662139,11663667,4034650.0,4036938.193365769,Healthcare Practitioners and Technical,980867.0,99924.0,100048.0,0.2568970300659126,0.2401687835894515,0.2096643914832029,0.192758986390708
2025-02-01,29,11667414,11678718,3610470.0,3656327.77351832,Healthcare Practitioners and Technical,1001936.0,99238.0,100399.0,0.1789110009405095,0.1737405031167513,0.2117353670135237,0.196269994943786
2025-03-01,29,11682336,11696900,4293727.0,3861088.835823793,Healthcare Practitioners and Technical,826685.0,100272.0,102363.0,0.192819465658811,0.17777117758296,0.2137616533910014,0.1951080796208225
2025-04-01,29,11682527,11713578,4352885.0,4016421.183296498,Healthcare Practitioners and Technical,914544.0,102447.0,103344.0,0.1720256506034928,0.1723140072208892,0.212590949216004,0.1955060021005935
2025-05-01,29,11697218,11723316,3689894.0,3673474.077448493,Healthcare Practitioners and Technical,844789.0,102106.0,102857.0,0.1971883915104781,0.1822700709094842,0.2030398534197265,0.1930720430979835
2025-06-01,29,11733718,11733961,3456054.0,3268824.2629229603,Healthcare Practitioners and Technical,867614.0,101076.0,98717.0,0.2567954384815364,0.2197809609153326,0.2112502972746379,0.2003643616342635
2025-07-01,29,11757657,11749483,4450621.0,3929168.436284049,Healthcare Practitioners and Technical,843752.0,101095.0,97449.0,0.2627429915587762,0.2384554586485759,0.2081325305517281,0.1922794689436253
2025-08-01,29,11784394,11764701,2853463.0,2820246.72006564,Healthcare Practitioners and Technical,817327.0,101070.0,98768.0,0.2485844633286291,0.221824402622919,0.2011347931810395,0.1856129196547291
2025-09-01,29,11801347,11780561,2728759.0,3070592.0159391337,Healthcare Practitioners and Technical,735164.0,100212.0,100753.0,0.218225641438298,0.2011492902210788,0.2012914185488209,0.185137256905377
2025-10-01,29,11816325,11790552,2737601.0,2811612.755103681,Healthcare Practitioners and Technical,691946.0,100241.0,101184.0,0.1935385377643602,0.1785302912892164,0.1996545254999428,0.1894851717537116
2025-11-01,29,11819289,11807199,2603707.0,2993110.492581079,Healthcare Practitioners and Technical,559718.0,98504.0,100527.0,0.1527925281282525,0.1499303493760933,0.197731396918813,0.1808136324656433
2025-12-01,29,11819850,11822466,2685255.0,2950413.1230998067,Healthcare Practitioners and Technical,440592.0,100893.0,101824.0,0.1405889027274783,0.1401839722543773,0.1963193062601586,0.1808229350065083
2026-01-01,29,11838202,11844371,2761967.0,2754297.6123244856,Healthcare Practitioners and Technical,347506.0,99724.0,100141.0,0.234322649975153,0.2157908746969405,0.1990166062728059,0.176824572307988
2026-02-01,29,11846438,11858147,2926510.0,2842193.8728488213,Healthcare Practitioners and Technical,276912.0,99404.0,100409.0,0.1601915832440057,0.1520060631157085,0.1898427985964445,0.1759011405187616
2026-03-01,29,11859241,11874311,3041389.0,2804263.4997998383,Healthcare Practitioners and Technical,281236.0,99210.0,101520.0,0.1708535060276728,0.1581148198367417,0.1876906248482202,0.1713557266276182
2026-04-01,29,11861483,11892104,2849569.0,2661513.660930825,Healthcare Practitioners and Technical,245784.0,101632.0,102828.0,0.1466836001439179,0.1446521990026467,0.1820449408405358,0.1640912302547908
2026-05-01,29,11879305,11902496,2683650.0,2763465.5951823094,Healthcare Practitioners and Technical,213443.0,100816.0,101677.0,0.1730536839274965,0.155201497372472,0.1766115060635359,0.1661332427698472
2026-06-01,29,11923910,11917928,2861473.0,2697404.453478693,Healthcare Practitioners and Technical,625588.0,110562.0,106648.0,0.2192763281374948,0.1745311155850455,0.1754967721032054,0.1599582087704429
2026-07-01,29,11945326,11933734,3163004.0,2741882.6695966544,Healthcare Practitioners and Technical,816042.0,113077.0,107471.0,0.2131364885349952,0.191822059946062,0.1685611700591348,0.1526675140732987
2026-08-01,29,11968272,11951372,2743275.0,2658024.1787449825,Healthcare Practitioners and Technical,602673.0,111975.0,108665.0,0.2098113693865294,0.1869445399818959,0.1698403176734872,0.152130408137161
2021-01-01,31,5307504,5309415,,,Healthcare Support,,,,0.3610908636044589,0.2929062368278262,0.2757505886764745,0.2220930478283274
2021-02-01,31,5312489,5329253,,,Healthcare Support,,,,0.2314993926824871,0.2206721254965292,0.2762866325195712,0.2316153773513723
2021-03-01,31,5337246,5350359,,,Healthcare Support,,,,0.2591222187520151,0.2037232848698755,0.2931025463446742,0.2457656594213579
2021-04-01,31,5349541,5364552,,,Healthcare Support,,,,0.2323417818927935,0.2051717360137113,0.2761979538744574,0.2444523375824212
2021-05-01,31,5385580,5376527,,,Healthcare Support,,,,0.3328569764089029,0.2527109690302461,0.2661290671762212,0.2394012579905413
2021-06-01,31,5413499,5394514,,,Healthcare Support,,,,0.3449714001880056,0.2832368119813478,0.2832299619372341,0.243218610552507
2021-07-01,31,5422636,5408537,,,Healthcare Support,,,,0.2690732703921968,0.2489650357472827,0.2758688681325484,0.2447556346522194
2021-08-01,31,5441860,5422228,,,Healthcare Support,,,,0.3646360722652354,0.3222720328923899,0.2906922420594671,0.2603945193901665
2021-09-01,31,5436454,5437396,,,Healthcare Support,,,,0.285757511413094,0.297824738908369,0.2807098979856158,0.2472349731151891
2021-10-01,31,5452755,5452805,,,Healthcare Support,,,,0.2656480789146924,0.2298570582602324,0.2868762810737168,0.2529669784990971
2021-11-01,31,5464453,5468827,,,Healthcare Support,,,,0.2338707439477926,0.208399040744746,0.3161469937920529,0.2809935570529787
2021-12-01,31,5475854,5483827,,,Healthcare Support,,,,0.2101790501552536,0.1852063900823928,0.2803300542086261,0.2475089486463594
2022-01-01,31,5493526,5498211,846604.0,848113.138549978,Healthcare Support,226637.0,43426.0,43447.0,0.3509277948505137,0.3125655499645359,0.2727557917167718,0.2413640374935241
2022-02-01,31,5497365,5513860,827519.0,854569.7146733205,Healthcare Support,202423.0,42908.0,43922.0,0.2335228777486192,0.2251629811952772,0.2782371227138892,0.244181228862595
2022-03-01,31,5515107,5529278,860500.0,846107.8895840651,Healthcare Support,239047.0,42781.0,43983.0,0.239159545925492,0.2005862386436691,0.2753494753758231,0.2418909502315407
2022-04-01,31,5527610,5542864,819251.0,849963.7112558972,Healthcare Support,217806.0,44982.0,45105.0,0.2221095363955556,0.1957441329419944,0.2647113457835462,0.2353044873078059
2022-05-01,31,5570499,5560513,864301.0,804552.8039449743,Healthcare Support,156527.0,48565.0,46068.0,0.3436480936367331,0.2515607643386499,0.2715084825878623,0.2334382330154453
2022-06-01,31,5598708,5578642,765928.0,757401.411389324,Healthcare Support,218141.0,45317.0,45289.0,0.3285761512226022,0.2681495157535604,0.2679423274725093,0.2289481438295952
2022-07-01,31,5606626,5591337,767627.0,779802.857027128,Healthcare Support,211539.0,44352.0,44988.0,0.2505202040227339,0.2339329766484916,0.2550790701324628,0.2278282580402952
2022-08-01,31,5625588,5606523,796270.0,784391.3159517676,Healthcare Support,234026.0,44350.0,45646.0,0.3367068586479266,0.2963569004137509,0.2680445660986102,0.2355422322170244
2022-09-01,31,5614652,5616762,766928.0,832966.4870425343,Healthcare Support,234594.0,45407.0,45836.0,0.2476698337491805,0.271218303587051,0.2437576689906805,0.2218813634601912
2022-10-01,31,5629340,5629838,857281.0,853326.3892042076,Healthcare Support,256690.0,47465.0,46933.0,0.2301983324137068,0.1989954842924684,0.2495710672001492,0.2216960467857519
2022-11-01,31,5637104,5641550,893460.0,906156.1151158806,Healthcare Support,244529.0,47131.0,46782.0,0.1866094170460437,0.1704542515454113,0.253682046856876,0.2287716966168874
2022-12-01,31,5650490,5656750,896427.0,907451.7045562518,Healthcare Support,236579.0,47616.0,46419.0,0.1914434147006045,0.1632940111107791,0.25140553822802,0.2191616758168668
2023-01-01,31,5666141,5670837,923762.0,924508.2942685712,Healthcare Support,262416.0,46665.0,46914.0,0.3143285990491994,0.2816186214863763,0.2511200193238667,0.2213104369825792
2023-02-01,31,5667798,5683683,879151.0,893087.0934271076,Healthcare Support,252270.0,47378.0,48202.0,0.2036956639436557,0.2004089914265648,0.2480941426262013,0.2209735427324722
2023-03-01,31,5682106,5695403,983131.0,941501.4919705304,Healthcare Support,284266.0,48192.0,49239.0,0.2111088668919826,0.1811198468455194,0.2455863373485989,0.2208940018402879
2023-04-01,31,5689330,5704452,961937.0,968212.1761832716,Healthcare Support,275737.0,49116.0,49184.0,0.1944632526208185,0.1802318947655774,0.2348441635446968,0.2158162784704308
2023-05-01,31,5730304,5720141,928222.0,902301.983802662,Healthcare Support,288569.0,48752.0,47615.0,0.3219234310486014,0.2361593275844352,0.2493928612900633,0.2164813710506752
2023-06-01,31,5752824,5734105,926905.0,916400.8123416274,Healthcare Support,274030.0,48607.0,48158.0,0.3046936114470084,0.257747783173547,0.246009469900487,0.2167883522434088
2023-07-01,31,5762435,5747506,871346.0,885375.2841461842,Healthcare Support,226172.0,48446.0,48249.0,0.2413359664062078,0.2214769470711928,0.2408654020269885,0.2128859412980057
2023-08-01,31,5777920,5760179,900041.0,879148.765985418,Healthcare Support,267900.0,48385.0,49291.0,0.3016303502317853,0.2695575846441377,0.2381120724304755,0.2117121897151076
2023-09-01,31,5767000,5770775,897205.0,895973.0115464891,Healthcare Support,239280.0,48980.0,49078.0,0.2280959709461074,0.2508956972864365,0.2253786704669825,0.2033477435455584
2023-10-01,31,5782016,5783186,937008.0,917192.67577845,Healthcare Support,253630.0,49197.0,48859.0,0.2166145874894684,0.1855125012621106,0.2360719497683603,0.2103208876468535
2023-11-01,31,5790235,5794291,827914.0,871267.1587967993,Healthcare Support,265107.0,50341.0,49985.0,0.1679638721955337,0.1509502469440072,0.2268439826355321,0.2038470672592889
2023-12-01,31,5798293,5802784,793696.0,822476.7933092645,Healthcare Support,232200.0,50142.0,49561.0,0.1628076620131615,0.1461317345180497,0.2126501429281939,0.1950897323296825
2024-01-01,31,5806392,5811775,864008.0,868262.5438149372,Healthcare Support,298488.0,49674.0,49987.0,0.2644332374530301,0.2477074610605986,0.2175247161111779,0.1989645852485415
2024-02-01,31,5805803,5820124,803499.0,820007.8728850227,Healthcare Support,264991.0,50177.0,50769.0,0.1750667080336086,0.1763177107827341,0.2149159600575642,0.1977024224152694
2024-03-01,31,5818639,5830065,902762.0,850298.6038930067,Healthcare Support,299848.0,52213.0,53419.0,0.1797857948608157,0.1533180422484676,0.2102536002978818,0.1897906700123154
2024-04-01,31,5826132,5839033,897869.0,870102.1875941181,Healthcare Support,303192.0,53437.0,53397.0,0.1763762851282293,0.1612846970933354,0.2124892949163418,0.1940610996342755
2024-05-01,31,5858193,5847264,841919.0,829290.4143711886,Healthcare Support,298475.0,54005.0,54054.0,0.2786196262389041,0.2130625734761671,0.2112464017539457,0.194353317485822
2024-06-01,31,5871486,5854121,813997.0,795934.1024322439,Healthcare Support,268659.0,55129.0,54122.0,0.2534051900887838,0.226299409691554,0.2019681448829341,0.187910396844276
2024-07-01,31,5878115,5864904,819062.0,814261.881309699,Healthcare Support,265612.0,53814.0,52929.0,0.2111737619698858,0.1977393630095052,0.2103601637643193,0.1882976719282667
2024-08-01,31,5884152,5869979,883969.0,869240.3077364446,Healthcare Support,271430.0,54608.0,55154.0,0.252552902978028,0.2402825575123951,0.1969375252811364,0.18656535097878
2024-09-01,31,5870627,5876400,866016.0,873516.2637761484,Healthcare Support,253115.0,54205.0,54060.0,0.1965137652592496,0.2241780429387888,0.193311856446668,0.1801954040816782
2024-10-01,31,5877862,5879496,868798.0,843193.6003693152,Healthcare Support,286690.0,54168.0,54102.0,0.1734399021725644,0.1588231983705484,0.189630423231523,0.1833134605546083
2024-11-01,31,5884847,5888177,784239.0,858752.193759199,Healthcare Support,224410.0,52789.0,52661.0,0.145818979520556,0.1315789532909133,0.1962442166964773,0.1785528280125068
2024-12-01,31,5891231,5893767,788095.0,838394.6647405437,Healthcare Support,208263.0,51907.0,51612.0,0.1440681406969111,0.1310691046404233,0.1858896688038207,0.1745067141776957
2025-01-01,31,5890962,5896748,808755.0,807084.8181497611,Healthcare Support,254231.0,52229.0,51918.0,0.2118370579204963,0.2123979201816645,0.1797988571172584,0.1737319906763678
2025-02-01,31,5887746,5899973,842320.0,853276.9945616302,Healthcare Support,259965.0,53015.0,53215.0,0.1436520174756158,0.1502616234368602,0.1775660327951687,0.1710071809110687
2025-03-01,31,5893787,5903051,875215.0,808311.2558329555,Healthcare Support,230452.0,53352.0,54433.0,0.1479317532863094,0.1356865862487015,0.1754862617370632,0.1692328649368868
2025-04-01,31,5896419,5906603,860070.0,814331.5305960783,Healthcare Support,237939.0,54583.0,55769.0,0.1407578306162429,0.1355343705231131,0.1701457985829931,0.1629262780422183
2025-05-01,31,5919762,5908049,850516.0,845904.3668604946,Healthcare Support,245133.0,54163.0,55655.0,0.2303886385689581,0.1837065460971489,0.1705807487396186,0.1676431298231039
2025-06-01,31,5926928,5911299,855778.0,843518.0917720171,Healthcare Support,238028.0,55307.0,54613.0,0.2179606470883347,0.2036022155167543,0.1727626573193719,0.1661674860662677
2025-07-01,31,5926992,5915811,776205.0,766591.6048772476,Healthcare Support,217557.0,57191.0,54725.0,0.1712609508875305,0.1711585947076605,0.1700080549017759,0.1608535696146895
2025-08-01,31,5927664,5917698,755022.0,740878.282155233,Healthcare Support,214912.0,58198.0,58269.0,0.2068184850799858,0.205553968314449,0.1607459535022113,0.1569164194959301
2025-09-01,31,5914339,5922187,696269.0,736041.3900008363,Healthcare Support,190924.0,58368.0,57911.0,0.1646193304698827,0.1916887090378086,0.1617051324795761,0.152611196257352
2025-10-01,31,5922041,5924129,694529.0,700470.3083240719,Healthcare Support,197698.0,59057.0,58619.0,0.1440749988086849,0.1290221443414,0.1571972724824913,0.1532648697850297
2025-11-01,31,5924300,5926752,645503.0,742157.1518075715,Healthcare Support,172576.0,59377.0,59626.0,0.1122651051543063,0.1077208837724236,0.151466489294395,0.1461554755186087
2025-12-01,31,5929556,5930051,654743.0,731253.5141315678,Healthcare Support,128886.0,60296.0,60350.0,0.118905966265217,0.1083796175022003,0.1510209410303405,0.1443438928079389
2026-01-01,31,5930210,5936383,702104.0,701179.0232997239,Healthcare Support,88387.0,62767.0,61418.0,0.1699559829989241,0.1686605635189989,0.1510728846343881,0.1382739284514309
2026-02-01,31,5929877,5939797,712285.0,713482.9590335287,Healthcare Support,73237.0,59524.0,59497.0,0.1161645812107733,0.1172335111109764,0.1433231111664739,0.1364260744078879
2026-03-01,31,5936939,5943917,750653.0,691468.2938256323,Healthcare Support,76091.0,59507.0,60882.0,0.1186980794988746,0.1047510391128032,0.1416515350139182,0.1333320284749128
2026-04-01,31,5942113,5949505,724862.0,664920.0809050071,Healthcare Support,71927.0,58481.0,61030.0,0.1125139277073715,0.1024432281482172,0.1356879182590553,0.1244182009871355
2026-05-01,31,5962138,5949808,708236.0,699949.0235764859,Healthcare Support,65337.0,57005.0,59822.0,0.1738493963555141,0.1336848158366713,0.1240356344608733,0.1234237432283879
2026-06-01,31,5965105,5951418,722018.0,688869.742668944,Healthcare Support,96532.0,65498.0,64353.0,0.1558054691507265,0.1499006323843068,0.1232454737198701,0.119999119240662
2026-07-01,31,5963575,5954562,759681.0,704195.4670000253,Healthcare Support,107675.0,70506.0,66357.0,0.1205959451872046,0.1239060955445538,0.1203735176460687,0.1140376495759951
2026-08-01,31,5965909,5960479,689979.0,683761.1394480134,Healthcare Support,92012.0,66318.0,66086.0,0.1659217220616339,0.1615751568594627,0.1303171718068821,0.1184042652905165
2021-01-01,33,3791046,3812733,,,Protective Service,,,,0.2847025620401495,0.2896517783472115,0.231882192857905,0.2308742292556621
2021-02-01,33,3784317,3814135,,,Protective Service,,,,0.1858095140161501,0.2073000663947162,0.2340647973335861,0.229655371866266
2021-03-01,33,3787658,3814116,,,Protective Service,,,,0.2134154179334202,0.2028616725852091,0.238633123857427,0.2386933527207831
2021-04-01,33,3791978,3813647,,,Protective Service,,,,0.2187000902137049,0.2051523455408188,0.23841251847032,0.239890261106362
2021-05-01,33,3837751,3817198,,,Protective Service,,,,0.3861476282077062,0.2430862514074901,0.2497963731015749,0.2386361570364013
2021-06-01,33,3863854,3822534,,,Protective Service,,,,0.3342680496874982,0.2532662198612681,0.2578214033211856,0.2410712171126742
2021-07-01,33,3864502,3821361,,,Protective Service,,,,0.2324243886124141,0.2305336859484769,0.2445371160751889,0.248219719216606
2021-08-01,33,3859633,3820418,,,Protective Service,,,,0.2757835952077327,0.2909556778778592,0.2508652679574638,0.2538259455156423
2021-09-01,33,3823243,3821570,,,Protective Service,,,,0.2309287860836486,0.3451645274084188,0.2539527741522139,0.2503325110201655
2021-10-01,33,3808631,3819685,,,Protective Service,,,,0.2312860421302511,0.2777228952010896,0.2522195268612128,0.2581469790605075
2021-11-01,33,3803470,3821141,,,Protective Service,,,,0.1921209591991914,0.2084738173374654,0.2633620531253386,0.258787157268746
2021-12-01,33,3802517,3821517,,,Protective Service,,,,0.1851562758365247,0.1881810411769915,0.2570349369717281,0.2558529410852544
2022-01-01,33,3798927,3820052,250382.0,268866.6049129656,Protective Service,63275.0,37689.0,37449.0,0.2967581666879516,0.3082769541203218,0.2450862960949048,0.2497167194857422
2022-02-01,33,3791445,3819857,275988.0,253573.47847677337,Protective Service,64569.0,36576.0,37458.0,0.2003686025739433,0.2240587222026915,0.2510865305070511,0.2516962394104547
2022-03-01,33,3795018,3819297,264797.0,251684.453948108,Protective Service,81104.0,36645.0,37734.0,0.2293740663902847,0.2183419921595334,0.2575825867041519,0.2593452805671442
2022-04-01,33,3798712,3817526,252723.0,248084.52359181523,Protective Service,73314.0,37608.0,37713.0,0.2269883101570998,0.2154907534862743,0.2478391377170159,0.2534081230230147
2022-05-01,33,3840747,3821302,255843.0,238361.2894890255,Protective Service,68951.0,37651.0,37404.0,0.3913426282288166,0.2600611263709534,0.2591016620654021,0.2472396907466365
2022-06-01,33,3869049,3829694,237488.0,226252.46127419072,Protective Service,80522.0,37319.0,38160.0,0.3386282994889037,0.2508800423939389,0.2641499306975717,0.2378582067319211
2022-07-01,33,3873707,3833162,252169.0,226533.43829559817,Protective Service,85399.0,37035.0,37774.0,0.2330090020535836,0.2188190707765032,0.245509078195799,0.234655827395126
2022-08-01,33,3873398,3836564,258686.0,264795.34507628164,Protective Service,84244.0,37842.0,38791.0,0.281282149569092,0.2822658069423175,0.2542661410122637,0.2436267576696745
2022-09-01,33,3839602,3839044,212822.0,235079.0277956117,Protective Service,75033.0,40012.0,39272.0,0.2258575770500022,0.3315104308285427,0.2447379751265211,0.2369856649987561
2022-10-01,33,3831294,3843110,215133.0,235743.5408361501,Protective Service,75149.0,39475.0,39481.0,0.2255968897725657,0.2517149368035718,0.2470704428783294,0.234379134581311
2022-11-01,33,3828461,3845368,219213.0,234991.97846565128,Protective Service,58581.0,39253.0,39186.0,0.1770538008412059,0.1860644977157799,0.2399797809747096,0.2329315747145472
2022-12-01,33,3828767,3847050,219070.0,237078.7173572748,Protective Service,52426.0,39987.0,38716.0,0.1735126375627772,0.1727480933520521,0.2382592621329171,0.2330115303786038
2023-01-01,33,3829594,3849066,231120.0,240477.199207234,Protective Service,63124.0,39926.0,39365.0,0.2843721194788918,0.282830827998927,0.2383665894630704,0.2320838691341364
2023-02-01,33,3825302,3850965,238573.0,224834.15566756384,Protective Service,67184.0,40287.0,40859.0,0.1897945211386441,0.2033357894829972,0.2358738340871313,0.2299570173400666
2023-03-01,33,3832244,3853412,248538.0,232304.22755917045,Protective Service,69555.0,40697.0,41433.0,0.2118177802625988,0.1903328667693176,0.2347417560325253,0.2271217924820177
2023-04-01,33,3839569,3855067,234438.0,225391.1369799676,Protective Service,64393.0,41185.0,41339.0,0.2154213983907238,0.1925416485893542,0.2351643636380208,0.2300134756702744
2023-05-01,33,3880036,3862077,213950.0,208156.6324206128,Protective Service,70177.0,40719.0,40486.0,0.3624313860587901,0.2374082046505567,0.2475040620500107,0.2257206645418357
2023-06-01,33,3904067,3868140,211568.0,207886.62176267,Protective Service,64107.0,41050.0,41350.0,0.3073500411294456,0.2335103830299567,0.240325843467959,0.221521689674337
2023-07-01,33,3910659,3873739,205974.0,197823.2785944921,Protective Service,56080.0,41391.0,41777.0,0.2293925008832035,0.2096172126600417,0.2427415017209506,0.2253914983906287
2023-08-01,33,3908313,3873869,209267.0,207994.3145826767,Protective Service,67415.0,41351.0,41846.0,0.2556998868871374,0.2629144925782524,0.2264485008921984,0.2260455556755487
2023-09-01,33,3873562,3874833,207749.0,211515.3730419298,Protective Service,57310.0,41835.0,41382.0,0.2049025522860974,0.31257504555128,0.2208596597923841,0.2178802876953941
2023-10-01,33,3863847,3877078,217753.0,221814.24232877567,Protective Service,60778.0,42014.0,42086.0,0.2050581000452205,0.2357016752315135,0.222927447343165,0.2159812264315199
2023-11-01,33,3862302,3878509,178770.0,189967.675344611,Protective Service,56572.0,41357.0,41387.0,0.1643719726005074,0.1697473444487638,0.218408988465182,0.2139778984915752
2023-12-01,33,3861476,3878558,162326.0,177662.62015544347,Protective Service,52612.0,42044.0,41687.0,0.1556238324611721,0.1582692737058795,0.211947164047667,0.2117989551907065
2024-01-01,33,3861848,3879467,178871.0,183327.1403872656,Protective Service,66907.0,42809.0,41858.0,0.2516291245368594,0.2505399251336325,0.2116707251426438,0.2088588936258194
2024-02-01,33,3858474,3880250,172860.0,170191.1642258912,Protective Service,61521.0,43082.0,43202.0,0.1738538228058392,0.1843597748342277,0.2128915022063559,0.2104789502934766
2024-03-01,33,3862786,3879571,190436.0,176578.94531731613,Protective Service,64491.0,43226.0,43470.0,0.1810812412510245,0.1678633327192178,0.1988975658804188,0.2010049156295089
2024-04-01,33,3867639,3878656,193775.0,182168.5508635089,Protective Service,62773.0,43740.0,43943.0,0.1948188092033975,0.1798227077760816,0.2152281983225438,0.2180618591068265
2024-05-01,33,3893589,3876987,189322.0,187116.42218136883,Protective Service,61319.0,45061.0,45249.0,0.2968511154188066,0.2169373744811133,0.2067868289691755,0.211960961242133
2024-06-01,33,3910112,3878702,190108.0,191931.6775436201,Protective Service,54545.0,45619.0,45410.0,0.2610482824651524,0.2104513418197774,0.2072172063037402,0.2019152598652424
2024-07-01,33,3909939,3877567,188137.0,183741.79717817897,Protective Service,59191.0,45430.0,45668.0,0.1939867212359362,0.1945507341019705,0.2052711398137014,0.2087875440311198
2024-08-01,33,3905428,3874636,199540.0,201948.11985133772,Protective Service,61736.0,46097.0,46137.0,0.222232004236732,0.2361600532987734,0.1904608594631522,0.1995334978121976
2024-09-01,33,3869904,3873329,205839.0,206091.90842101423,Protective Service,63773.0,46591.0,46446.0,0.1751687454855997,0.2854194232407909,0.1881082106139668,0.1921608120816373
2024-10-01,33,3857512,3872176,197176.0,188926.8190168745,Protective Service,65965.0,46197.0,46644.0,0.1682957220903091,0.2069462961972233,0.1828123675868542,0.1863878823789334
2024-11-01,33,3855688,3871109,175650.0,187075.6846985661,Protective Service,55896.0,46671.0,47178.0,0.1419663005928315,0.1480931940772711,0.1849161535875955,0.1882217488074699
2024-12-01,33,3853995,3869579,171229.0,189999.0104430683,Protective Service,54418.0,46260.0,46721.0,0.1418522270508508,0.1472258009413405,0.1912370928184157,0.1959801222405374
2025-01-01,33,3850734,3866143,185791.0,185864.49448152533,Protective Service,74947.0,51928.0,50432.0,0.2088855375730737,0.2191363358066068,0.1758578967033506,0.1865239762715537
2025-02-01,33,3844601,3862021,186906.0,187673.34477296405,Protective Service,63845.0,47281.0,46553.0,0.1429232921888059,0.1621983535432878,0.1734771986329431,0.1862879045643544
2025-03-01,33,3844791,3856793,190930.0,176894.43111167147,Protective Service,59139.0,46359.0,46418.0,0.1547473535123394,0.1541797987780966,0.1690440069787492,0.1853117706386953
2025-04-01,33,3841523,3847590,207855.0,195785.8339842167,Protective Service,76937.0,48012.0,48601.0,0.1500109237644236,0.1605817223518547,0.1677936446331475,0.1964970956759217
2025-05-01,33,3855734,3840569,179056.0,178375.1919606236,Protective Service,52850.0,46510.0,46981.0,0.2338639002486973,0.1901258029604254,0.1674888758451415,0.1894263749359063
2025-06-01,33,3861435,3835089,175644.0,179392.91021846773,Protective Service,52391.0,48037.0,47429.0,0.2060573155263151,0.1886087083975665,0.166310796323194,0.1834583759441789
2025-07-01,33,3858294,3830884,177834.0,179242.82359311287,Protective Service,50451.0,48448.0,48289.0,0.155523441376714,0.1657029980614784,0.1648317661368991,0.1780062719715176
2025-08-01,33,3852376,3825875,178852.0,181911.89297444807,Protective Service,51282.0,48978.0,49270.0,0.1902821286618384,0.2094679859781028,0.1583603624556857,0.1740762532952872
2025-09-01,33,3815309,3820942,173828.0,178437.37861242658,Protective Service,46203.0,48852.0,49118.0,0.1555182673559561,0.2731524897939207,0.164312412339911,0.1798090156808794
2025-10-01,33,3797501,3813459,180559.0,168586.44188139035,Protective Service,49984.0,49091.0,50069.0,0.1479525950905678,0.205242636665805,0.159733211882895,0.1832838817072568
2025-11-01,33,3793663,3808093,167119.0,181526.63637905195,Protective Service,39116.0,49632.0,50259.0,0.122239356264663,0.1346845183233735,0.1558054534180953,0.1727136482422372
2025-12-01,33,3789491,3803334,161432.0,184280.2256884065,Protective Service,29752.0,49355.0,50654.0,0.1163873516758702,0.1304266608711027,0.1563920628163256,0.1714077560921747
2026-01-01,33,3785192,3798184,176982.0,174471.1832773961,Protective Service,17629.0,52652.0,50303.0,0.1815076608269712,0.19544877829631,0.1530219202487753,0.1692992216016983
2026-02-01,33,3778687,3791524,182018.0,183784.97929639448,Protective Service,16694.0,53672.0,51753.0,0.1220354656347034,0.1428644199514464,0.1455258887055708,0.1666037075926936
2026-03-01,33,3778936,3786016,199850.0,183436.4567346366,Protective Service,19958.0,52577.0,52223.0,0.1341326826563794,0.1335451394185531,0.1451308021537542,0.1625898332829961
2026-04-01,33,3780058,3781240,199251.0,183702.52480916737,Protective Service,24212.0,51104.0,52346.0,0.1277191673980696,0.1245177698586112,0.1419639922876246,0.1571197850004715
2026-05-01,33,3787564,3774161,191596.0,193882.01567365928,Protective Service,18510.0,51807.0,52636.0,0.1780941497922223,0.1543881146909676,0.1320436063313359,0.1545520645455734
2026-06-01,33,3787018,3766209,187985.0,196099.5089905189,Protective Service,21228.0,53113.0,52160.0,0.1501396067525726,0.1519268855046707,0.1235708076430927,0.1489065792153651
2026-07-01,33,3782816,3760632,197413.0,199833.581615965,Protective Service,19962.0,52615.0,51699.0,0.1240392004685116,0.1374305061711626,0.1304333217927834,0.1482285395193598
2026-08-01,33,3777849,3755744,170154.0,172406.7414486741,Protective Service,22669.0,51257.0,51930.0,0.1665575503105631,0.1827913440431462,0.1327672618709737,0.1483889557316823
2021-01-01,35,10926083,10981837,,,Food Preparation and Serving Related,,,,0.3223809662757127,0.3004430170819981,0.2806186409983701,0.2620937311424521
2021-02-01,35,10921353,11024157,,,Food Preparation and Serving Related,,,,0.2348110960965705,0.2403806040002841,0.3016468892126256,0.2555816395290894
2021-03-01,35,11008062,11077836,,,Food Preparation and Serving Related,,,,0.3117205865727048,0.2179095854085917,0.3383921471284794,0.2802434316770687
2021-04-01,35,11090702,11185215,,,Food Preparation and Serving Related,,,,0.324758151983918,0.2357626019379637,0.3881448872043144,0.2729428422584379
2021-05-01,35,11293155,11235804,,,Food Preparation and Serving Related,,,,0.5145822295655476,0.2996203649550565,0.3431304896944329,0.2891015353180011
2021-06-01,35,11473926,11374185,,,Food Preparation and Serving Related,,,,0.5040559583144852,0.3153993255471612,0.4098436150037434,0.2638484485959709
2021-07-01,35,11545345,11446239,,,Food Preparation and Serving Related,,,,0.3308882687444998,0.2567683988161,0.3612068837601881,0.285666389047733
2021-08-01,35,11616383,11464565,,,Food Preparation and Serving Related,,,,0.4451684776613558,0.3718783914435535,0.3255971110197254,0.306414963692064
2021-09-01,35,11502102,11494849,,,Food Preparation and Serving Related,,,,0.3429148836072704,0.4622271920060016,0.3308951519299726,0.2992815472533887
2021-10-01,35,11535718,11542074,,,Food Preparation and Serving Related,,,,0.3025414813845727,0.2676127970078436,0.3331730807014809,0.2840738069060672
2021-11-01,35,11562623,11586276,,,Food Preparation and Serving Related,,,,0.2440451839996623,0.2162496053494578,0.3320186965438376,0.2862391089354079
2021-12-01,35,11580036,11631798,,,Food Preparation and Serving Related,,,,0.2089508835411959,0.1909304480489148,0.3255538026285069,0.2785901621391461
2022-01-01,35,11606115,11673538,1471630.0,1531401.468640034,Food Preparation and Serving Related,328953.0,34396.0,35490.0,0.3418234987539463,0.314978673442111,0.3136605496504589,0.2707538953650087
2022-02-01,35,11608847,11719335,1435175.0,1531520.8999591118,Food Preparation and Serving Related,318411.0,34352.0,35784.0,0.2504478175613275,0.2477256332007935,0.3188831767059006,0.2719909337303434
2022-03-01,35,11683619,11762592,1567719.0,1527272.4510225465,Food Preparation and Serving Related,427908.0,35106.0,36068.0,0.2913137614557152,0.2148118049818612,0.3227751286103749,0.2786440901919745
2022-04-01,35,11738067,11810884,1507045.0,1505891.717334567,Food Preparation and Serving Related,376047.0,36113.0,36274.0,0.2704647857954823,0.214856293837408,0.3159729842520103,0.2669099289642551
2022-05-01,35,11906190,11849450,1544116.0,1457296.3017283722,Food Preparation and Serving Related,253281.0,38625.0,37345.0,0.4626488024885549,0.2932519392762002,0.309557579920077,0.2705055901810424
2022-06-01,35,12032515,11930335,1341244.0,1335350.5075493187,Food Preparation and Serving Related,218007.0,36592.0,36619.0,0.4233995720645137,0.2974319712769512,0.3361724115186332,0.2548138603461473
2022-07-01,35,12072847,11969600,1322746.0,1414433.2320179248,Food Preparation and Serving Related,208260.0,34332.0,35581.0,0.2741663259029299,0.2341560259920177,0.3006652617264755,0.2613011836234077
2022-08-01,35,12133313,11977689,1418722.0,1241342.5980815382,Food Preparation and Serving Related,351942.0,34300.0,36243.0,0.4009476525447793,0.3412419952005305,0.2868616110467299,0.2787571985799452
2022-09-01,35,12015060,12018887,1366005.0,1424554.851349929,Food Preparation and Serving Related,229144.0,36610.0,36555.0,0.3004934806768751,0.4187374145437281,0.2969356445874055,0.2558036384575608
2022-10-01,35,12037242,12053990,1407072.0,1426131.7968518892,Food Preparation and Serving Related,315227.0,38097.0,37121.0,0.26341129466691,0.2413530933363597,0.2914530392118427,0.2565082684260457
2022-11-01,35,12063219,12091547,1369158.0,1438319.554819947,Food Preparation and Serving Related,181211.0,37980.0,36488.0,0.2165377861474317,0.1907219572589048,0.293680464238845,0.2564069915879287
2022-12-01,35,12077678,12123634,1371595.0,1449168.1295639318,Food Preparation and Serving Related,168237.0,37487.0,36465.0,0.1853221024895266,0.1713950823662013,0.2836426960659802,0.2518822604113157
2023-01-01,35,12085602,12154615,1400738.0,1448347.1164689646,Food Preparation and Serving Related,295344.0,37164.0,37504.0,0.3001975384440906,0.2923391237931182,0.2855917201377833,0.2550043106314173
2023-02-01,35,12081701,12188287,1354884.0,1417205.0282026182,Food Preparation and Serving Related,300325.0,37487.0,38069.0,0.2189656781528581,0.22312468250006,0.2836079547346196,0.2504560892948364
2023-03-01,35,12135365,12208102,1460414.0,1390096.181212579,Food Preparation and Serving Related,345680.0,36880.0,37580.0,0.2444665762629397,0.1916771638740099,0.2726607386087276,0.2531839880034928
2023-04-01,35,12174739,12235611,1443457.0,1402335.7154458354,Food Preparation and Serving Related,342116.0,37067.0,37169.0,0.2327643631346276,0.19397196497965,0.2720905901517665,0.2451100217087489
2023-05-01,35,12300230,12246205,1402573.0,1361639.3350726678,Food Preparation and Serving Related,368544.0,36451.0,35852.0,0.4057829400618727,0.2834186698055898,0.2675906313009146,0.257210252806074
2023-06-01,35,12381138,12273972,1387586.0,1402265.3224863536,Food Preparation and Serving Related,343269.0,36171.0,36117.0,0.3562185589382063,0.2780567281432947,0.2699036467216038,0.2427545426674668
2023-07-01,35,12403598,12292815,1359190.0,1408909.363979736,Food Preparation and Serving Related,349925.0,35317.0,35918.0,0.2354030588398887,0.2136916909436915,0.2611898891208858,0.2428046078803929
2023-08-01,35,12439341,12302821,1437357.0,1280674.9815907218,Food Preparation and Serving Related,471295.0,35426.0,36791.0,0.3517796235907605,0.3173245018653141,0.2567634408707805,0.2470034589787816
2023-09-01,35,12305830,12323593,1414637.0,1371454.6678714985,Food Preparation and Serving Related,431467.0,35343.0,35458.0,0.2582068416895038,0.3884400644358784,0.2548794846026013,0.2346521112263879
2023-10-01,35,12308510,12334681,1392915.0,1385651.4599525996,Food Preparation and Serving Related,357517.0,35581.0,35226.0,0.2270838977283203,0.2246495112552916,0.249754170669174,0.2389667097085789
2023-11-01,35,12316962,12348574,1175462.0,1233684.9136419063,Food Preparation and Serving Related,316008.0,35390.0,34596.0,0.1822774909717271,0.1741785974489264,0.248266272631322,0.234765412726929
2023-12-01,35,12317945,12359121,1087796.0,1165350.1751124028,Food Preparation and Serving Related,286476.0,35112.0,34805.0,0.1586339083859834,0.1577971662264198,0.2413672738315566,0.2311276994172534
2024-01-01,35,12290324,12356341,1172428.0,1224120.1844059038,Food Preparation and Serving Related,349395.0,35734.0,35387.0,0.2373649680528249,0.264589655554863,0.2313052579791572,0.234004084808118
2024-02-01,35,12269127,12363627,1073670.0,1120293.8399084562,Food Preparation and Serving Related,284123.0,36227.0,35921.0,0.1777939390580512,0.1988011238427116,0.2337804375565534,0.2267087678718117
2024-03-01,35,12300952,12361662,1241066.0,1169116.062828126,Food Preparation and Serving Related,329723.0,36502.0,37047.0,0.2013927121465024,0.1703523244647789,0.2272814484276207,0.2291894583862452
2024-04-01,35,12322722,12367569,1235077.0,1172747.7784557403,Food Preparation and Serving Related,322284.0,36779.0,36889.0,0.1972154463634577,0.1761329214806928,0.23058904408151,0.2248564684611051
2024-05-01,35,12412308,12353619,1166918.0,1132795.6230222995,Food Preparation and Serving Related,318923.0,36895.0,37215.0,0.3465918144420478,0.2601806904995259,0.2192660300038083,0.2328165222340902
2024-06-01,35,12451791,12353332,1111099.0,1131388.7181131772,Food Preparation and Serving Related,261812.0,37388.0,36784.0,0.2891929548698062,0.2515207754285691,0.2187410109441624,0.2190201629040656
2024-07-01,35,12455976,12355020,1168123.0,1191720.0565538702,Food Preparation and Serving Related,291949.0,37169.0,36679.0,0.1955929461093353,0.1917473949675572,0.2251313390434274,0.2234907727183787
2024-08-01,35,12476394,12358958,1231837.0,1161153.5008604813,Food Preparation and Serving Related,288508.0,37106.0,37966.0,0.3065292034884812,0.2870003086637875,0.2226236687222239,0.2188003110446388
2024-09-01,35,12327059,12357244,1269503.0,1227038.7095000066,Food Preparation and Serving Related,276860.0,37241.0,37659.0,0.2170253471858654,0.3627480079030792,0.213470630614257,0.2151364709517111
2024-10-01,35,12322673,12355965,1161121.0,1141658.9812952073,Food Preparation and Serving Related,291216.0,37212.0,37490.0,0.1922583908783488,0.1969925343243389,0.208762867733437,0.2100049579156774
2024-11-01,35,12326215,12358581,1060471.0,1117778.0135613638,Food Preparation and Serving Related,241230.0,37187.0,37531.0,0.1558769356380714,0.152485475866557,0.2108050787991273,0.2082645747599391
2024-12-01,35,12322736,12355697,994834.0,1078275.0429462444,Food Preparation and Serving Related,210720.0,37190.0,37665.0,0.1401837319419762,0.1444546801080042,0.2092620825819891,0.2120620558948433
2025-01-01,35,12288702,12348994,1026267.0,1070936.8891891036,Food Preparation and Serving Related,258605.0,37343.0,36012.0,0.2008603217400523,0.2342760884864908,0.2011441020186745,0.2076575626945996
2025-02-01,35,12261975,12342940,1041018.0,1081367.1964894808,Food Preparation and Serving Related,253061.0,37156.0,35909.0,0.1491045580154003,0.1755968606837456,0.1982885699973724,0.2041740931461895
2025-03-01,35,12289326,12337639,1105794.0,1025968.9258941016,Food Preparation and Serving Related,268134.0,37132.0,37592.0,0.1724760675039243,0.1462788636914374,0.1967471796743432,0.2019031149233056
2025-04-01,35,12305115,12333569,1129526.0,1049689.04853384,Food Preparation and Serving Related,256132.0,37157.0,37824.0,0.1665772688423651,0.1527179908091527,0.1942335677476237,0.198194247309797
2025-05-01,35,12387142,12324722,1126923.0,1097957.8126171513,Food Preparation and Serving Related,248224.0,37323.0,38372.0,0.3085732224607164,0.2304193091746407,0.1909499888822872,0.1995620565301309
2025-06-01,35,12403489,12312492,1046429.0,1072762.5556106882,Food Preparation and Serving Related,227964.0,37855.0,36632.0,0.2448077350063523,0.2292375648236004,0.1863316498022557,0.1982522813628073
2025-07-01,35,12399684,12308693,1064114.0,1082965.023781231,Food Preparation and Serving Related,243846.0,37169.0,35239.0,0.1628792064235361,0.167302248802534,0.1949662200513494,0.198669256855691
2025-08-01,35,12399871,12303699,1088870.0,1068223.6590554928,Food Preparation and Serving Related,233259.0,37329.0,38113.0,0.2596035550041817,0.2611968563840638,0.1885525989778115,0.1934229583799417
2025-09-01,35,12250522,12293937,1072391.0,1050247.3478179765,Food Preparation and Serving Related,209311.0,37666.0,38285.0,0.1932030355228554,0.3403320302431072,0.189400179713803,0.1989295913493311
2025-10-01,35,12239059,12279706,1044511.0,1050892.0572542518,Food Preparation and Serving Related,217882.0,37600.0,38443.0,0.1630240719318213,0.1750320817995819,0.1745250924101443,0.1884324186784593
2025-11-01,35,12237392,12270522,999065.0,1076592.808109949,Food Preparation and Serving Related,189151.0,36902.0,38486.0,0.1256011089606953,0.1275208645538674,0.1684479072485303,0.1774281624503343
2025-12-01,35,12235306,12260252,974529.0,1087622.3033809226,Food Preparation and Serving Related,138144.0,36758.0,38249.0,0.116239818743365,0.1188258359331211,0.1677963963954645,0.1778497421063417
2026-01-01,35,12203828,12258010,1024398.0,1073793.5171522512,Food Preparation and Serving Related,53358.0,38804.0,36659.0,0.1627810353562765,0.1951017983133142,0.1691990220800107,0.171394490954961
2026-02-01,35,12177900,12244970,1047426.0,1079539.7683034877,Food Preparation and Serving Related,49098.0,38877.0,37032.0,0.1202994156950853,0.1474388020035575,0.1620348277631866,0.1748141402161065
2026-03-01,35,12198937,12234783,1133906.0,1038758.0880839744,Food Preparation and Serving Related,92826.0,37798.0,38267.0,0.1350977852292467,0.1152820672629703,0.1550477306517622,0.1650392048126391
2026-04-01,35,12213005,12226765,1139291.0,1035582.7584939124,Food Preparation and Serving Related,102954.0,37542.0,38619.0,0.1318167586726125,0.1184765394813525,0.1511714864335222,0.1590395176155187
2026-05-01,35,12277855,12213308,1103522.0,1065219.4827907153,Food Preparation and Serving Related,101754.0,36933.0,38782.0,0.2454063167544057,0.1822990226839905,0.1435918420585695,0.1568143913587038
2026-06-01,35,12282368,12200706,1055228.0,1075967.3024315345,Food Preparation and Serving Related,60537.0,38923.0,37612.0,0.1836174466642648,0.1794236689583676,0.1409515250265262,0.1533467081347469
2026-07-01,35,12270732,12191030,1095184.0,1071942.7003633636,Food Preparation and Serving Related,56171.0,38748.0,36841.0,0.1106305864080628,0.1221160752016841,0.1377669148452736,0.1472916737817731
2026-08-01,35,12254457,12180559,995337.0,1048798.9503224732,Food Preparation and Serving Related,98088.0,37765.0,38677.0,0.1824555406718792,0.1984974605901835,0.1314339775824567,0.1417490991360405
2021-01-01,37,2248292,2264732,,,Building and Grounds Cleaning and Maintenance,,,,0.209728133938928,0.1819854731058034,0.1891449688380401,0.1612373952818382
2021-02-01,37,2248713,2270995,,,Building and Grounds Cleaning and Maintenance,,,,0.1519094773529166,0.1498272120054595,0.195581957559006,0.1624930400535633
2021-03-01,37,2258627,2276710,,,Building and Grounds Cleaning and Maintenance,,,,0.2016788482224973,0.1490809428551056,0.2009170058919115,0.1707953307288062
2021-04-01,37,2270356,2282528,,,Building and Grounds Cleaning and Maintenance,,,,0.1970116515629688,0.1361855167919298,0.1967905272807247,0.1662005276303599
2021-05-01,37,2300673,2289772,,,Building and Grounds Cleaning and Maintenance,,,,0.3261646181445156,0.1681506966642036,0.2027912111654273,0.1648295256291425
2021-06-01,37,2325639,2296060,,,Building and Grounds Cleaning and Maintenance,,,,0.2997917470560343,0.1709936048372678,0.2016885029381485,0.1688269994825738
2021-07-01,37,2333086,2302496,,,Building and Grounds Cleaning and Maintenance,,,,0.1822402799205817,0.1440570712415636,0.1993111560381416,0.1657678874451089
2021-08-01,37,2334704,2307653,,,Building and Grounds Cleaning and Maintenance,,,,0.2132293699640476,0.2053941184037952,0.198772590840438,0.1719551673470824
2021-09-01,37,2315402,2315124,,,Building and Grounds Cleaning and Maintenance,,,,0.1778383262137479,0.2782030251460946,0.2001761294381677,0.1614504654747114
2021-10-01,37,2314169,2318758,,,Building and Grounds Cleaning and Maintenance,,,,0.1570802865218282,0.1637528059136662,0.1882673624071578,0.1694644747174832
2021-11-01,37,2315949,2326068,,,Building and Grounds Cleaning and Maintenance,,,,0.1430811471127382,0.1345576899077277,0.2089199299211795,0.1712025287052643
2021-12-01,37,2316189,2331256,,,Building and Grounds Cleaning and Maintenance,,,,0.1212086071878263,0.1200722975833317,0.1995547034267394,0.1728540348440893
2022-01-01,37,2320246,2335550,377939.0,415142.912110039,Building and Grounds Cleaning and Maintenance,109721.0,35231.0,35455.0,0.2024095206570376,0.1815226237140582,0.1872056865892104,0.1651426076063538
2022-02-01,37,2319731,2340339,391414.0,413239.4024116373,Building and Grounds Cleaning and Maintenance,121466.0,35327.0,35832.0,0.1403624502307778,0.1431016066551403,0.1839041453978534,0.1593504363023664
2022-03-01,37,2327200,2344423,438476.0,413500.1550037044,Building and Grounds Cleaning and Maintenance,157461.0,35416.0,36269.0,0.1662222040542811,0.1278194652404669,0.169506079397587,0.1486041899704411
2022-04-01,37,2335874,2348020,432968.0,412786.322859269,Building and Grounds Cleaning and Maintenance,138704.0,35716.0,36005.0,0.1798293940694868,0.135888899934622,0.1815515202412664,0.1631715064093079
2022-05-01,37,2365170,2354817,458263.0,410867.77104755485,Building and Grounds Cleaning and Maintenance,151487.0,36287.0,35735.0,0.3017930590654303,0.1535939978478417,0.1830540602834189,0.1484163559491169
2022-06-01,37,2390485,2362738,433213.0,381675.5582109536,Building and Grounds Cleaning and Maintenance,189463.0,35263.0,36162.0,0.28381549961943,0.1569189608735122,0.1925003471158079,0.1522761753426599
2022-07-01,37,2396031,2367467,440127.0,421500.619765628,Building and Grounds Cleaning and Maintenance,235717.0,34612.0,36913.0,0.1608702671299013,0.1335670886899545,0.1740653515288993,0.1501024184737492
2022-08-01,37,2401131,2375196,392549.0,380615.2206624668,Building and Grounds Cleaning and Maintenance,140212.0,34975.0,36074.0,0.2090786858697935,0.1836153466852085,0.1922587173309611,0.1532196982734195
2022-09-01,37,2383266,2383564,369548.0,391725.06999365415,Building and Grounds Cleaning and Maintenance,120064.0,36383.0,36228.0,0.1647062432635207,0.2546936495615974,0.186347815115932,0.1442269182548351
2022-10-01,37,2381969,2386826,367175.0,393445.70771494816,Building and Grounds Cleaning and Maintenance,108157.0,36816.0,36717.0,0.1438600244510811,0.1511841285368137,0.1746460364776173,0.1582583520382774
2022-11-01,37,2382465,2392200,356871.0,396028.9248130716,Building and Grounds Cleaning and Maintenance,89130.0,36560.0,36150.0,0.1203492676725519,0.1179417556744153,0.1780913427816374,0.1511374796775822
2022-12-01,37,2383436,2396987,351674.0,397730.6696119194,Building and Grounds Cleaning and Maintenance,79533.0,36676.0,35590.0,0.1052040172414846,0.1003639222941336,0.1709479099060256,0.1469856184780063
2023-01-01,37,2388453,2402765,372559.0,401089.2503001724,Building and Grounds Cleaning and Maintenance,105914.0,36903.0,36640.0,0.1812198769535372,0.1560776165677359,0.173767074534791,0.1449241441565147
2023-02-01,37,2387636,2406833,369050.0,379875.1069367644,Building and Grounds Cleaning and Maintenance,111978.0,36946.0,37185.0,0.1285709471961852,0.132681352118837,0.17131094515431,0.1510325729717211
2023-03-01,37,2395764,2411938,416652.0,383149.4169579807,Building and Grounds Cleaning and Maintenance,132079.0,36920.0,37568.0,0.1648377846504932,0.1242370208634192,0.1708988076323856,0.1455008976611249
2023-04-01,37,2402179,2413601,415227.0,384320.670251528,Building and Grounds Cleaning and Maintenance,121540.0,37100.0,37144.0,0.1493116866563384,0.1179881877285956,0.1503343945647546,0.1420689386828896
2023-05-01,37,2428792,2417806,392638.0,362791.4538422111,Building and Grounds Cleaning and Maintenance,127159.0,36619.0,36332.0,0.2783756691180145,0.146998290868815,0.1628318232302757,0.1419686650139471
2023-06-01,37,2449485,2423711,383021.0,352502.8691008274,Building and Grounds Cleaning and Maintenance,120480.0,36624.0,36724.0,0.244677245624419,0.1433834502956059,0.1686453262235984,0.139410012718907
2023-07-01,37,2455308,2428513,367028.0,355154.553657714,Building and Grounds Cleaning and Maintenance,111035.0,36750.0,36872.0,0.1517221235603922,0.123362963009243,0.1611134957203782,0.1373845714536722
2023-08-01,37,2456791,2431907,371953.0,362026.9463772995,Building and Grounds Cleaning and Maintenance,134798.0,36386.0,37040.0,0.1753351138044659,0.168302401711988,0.1586491054999958,0.1419084502389026
2023-09-01,37,2434851,2436385,364157.0,362519.0257758138,Building and Grounds Cleaning and Maintenance,107420.0,37063.0,36990.0,0.1344760856818551,0.2440538386708113,0.1545399003824883,0.1324838670896044
2023-10-01,37,2435963,2441789,360997.0,371295.78368511016,Building and Grounds Cleaning and Maintenance,96771.0,37249.0,37390.0,0.1366401963087701,0.131289614132465,0.165416602273384,0.1388585600793458
2023-11-01,37,2434807,2444381,292461.0,326262.5447153541,Building and Grounds Cleaning and Maintenance,88521.0,36511.0,36404.0,0.0993896142407975,0.1051086824382072,0.1482991890302596,0.1355803840943708
2023-12-01,37,2436517,2449031,260427.0,297705.5538189405,Building and Grounds Cleaning and Maintenance,74936.0,36720.0,36364.0,0.0942333595748404,0.0860879958585743,0.1499284463158445,0.1271447524558934
2024-01-01,37,2437797,2451643,286538.0,307025.3490179667,Building and Grounds Cleaning and Maintenance,104273.0,37382.0,36756.0,0.1433861179338786,0.1374966170769461,0.1441441136470731,0.1313568590129988
2024-02-01,37,2436890,2454431,275425.0,283249.6643975552,Building and Grounds Cleaning and Maintenance,99816.0,37469.0,37262.0,0.109965807531401,0.1152600137669074,0.1484271062916893,0.1347960181530854
2024-03-01,37,2442089,2456349,316662.0,288516.45474012167,Building and Grounds Cleaning and Maintenance,112114.0,37395.0,37879.0,0.129629735185451,0.1042504574174899,0.1352120005569493,0.1258414253426091
2024-04-01,37,2449909,2459440,318331.0,288485.5635266303,Building and Grounds Cleaning and Maintenance,113335.0,37655.0,37672.0,0.1413642545675385,0.1040450483622165,0.1419751250760424,0.1268933695986902
2024-05-01,37,2475137,2463345,307554.0,286498.6739274908,Building and Grounds Cleaning and Maintenance,111736.0,37864.0,38202.0,0.251441196770452,0.1291777974544271,0.1411231026108005,0.12210747929485
2024-06-01,37,2491715,2467793,293988.0,276104.78579441406,Building and Grounds Cleaning and Maintenance,96146.0,38060.0,37976.0,0.2029671601471116,0.1232877000767165,0.1444202483178233,0.1227952695776914
2024-07-01,37,2495249,2470383,293779.0,283479.7948084818,Building and Grounds Cleaning and Maintenance,101995.0,38199.0,37989.0,0.1286654531570741,0.1116767648539296,0.1345895468668029,0.1220051728971829
2024-08-01,37,2493190,2469919,301004.0,297421.29151086806,Building and Grounds Cleaning and Maintenance,102074.0,38266.0,38527.0,0.1404714742321126,0.1504772813557779,0.1249289356868161,0.1271903340007843
2024-09-01,37,2464976,2468203,288426.0,291395.7004514053,Building and Grounds Cleaning and Maintenance,91304.0,38281.0,38328.0,0.1045466508588435,0.2423298994868614,0.11951587067056,0.1278625237676665
2024-10-01,37,2460968,2467861,275575.0,273339.50847538456,Building and Grounds Cleaning and Maintenance,97730.0,38122.0,38391.0,0.0953286807893359,0.1154421719937054,0.1181975924023509,0.1198799246541663
2024-11-01,37,2459342,2468786,242815.0,275873.3064313208,Building and Grounds Cleaning and Maintenance,78054.0,39114.0,39348.0,0.0817886346616961,0.0922444540623191,0.1238104538184729,0.1193354723827169
2024-12-01,37,2457278,2468656,231753.0,269977.1051586158,Building and Grounds Cleaning and Maintenance,67950.0,38603.0,38810.0,0.0699612383685539,0.08008643768534,0.1137834772436738,0.1144413136103043
2025-01-01,37,2454377,2467526,252692.0,265924.371912059,Building and Grounds Cleaning and Maintenance,98454.0,39165.0,37893.0,0.1058999062530381,0.120259026825442,0.1125071507717781,0.1180588925499285
2025-02-01,37,2451479,2466981,267940.0,275759.9985105211,Building and Grounds Cleaning and Maintenance,102834.0,40628.0,40138.0,0.0785325672039761,0.0927289124729316,0.1082669274548227,0.1109203537386457
2025-03-01,37,2454905,2466964,286419.0,256803.65605297784,Building and Grounds Cleaning and Maintenance,101894.0,40106.0,40567.0,0.1032545420481296,0.0866656107347133,0.1083593399850664,0.1084437481354452
2025-04-01,37,2459898,2467240,294823.0,260998.96240296133,Building and Grounds Cleaning and Maintenance,101617.0,41892.0,42426.0,0.1077819165297567,0.0846701446640508,0.1072608541932415,0.105925799067869
2025-05-01,37,2479003,2466536,288908.0,272696.0368755488,Building and Grounds Cleaning and Maintenance,93697.0,38793.0,39641.0,0.199376980016507,0.1073052863313248,0.1017523564632913,0.1051773999816236
2025-06-01,37,2490443,2468907,281440.0,271945.4078443011,Building and Grounds Cleaning and Maintenance,86663.0,39229.0,38794.0,0.1499497717545387,0.0952941018983026,0.1091310998174195,0.0976153631757852
2025-07-01,37,2490072,2467536,282944.0,279944.3295012031,Building and Grounds Cleaning and Maintenance,85187.0,39366.0,38229.0,0.0849121628340912,0.0867500087989668,0.0872054008130021,0.0938811361987182
2025-08-01,37,2486359,2465215,276988.0,273550.0206059687,Building and Grounds Cleaning and Maintenance,80991.0,39562.0,40174.0,0.098352885902299,0.1167919554903492,0.0872108325993254,0.098505812555839
2025-09-01,37,2453107,2458055,254426.0,267343.37283654464,Building and Grounds Cleaning and Maintenance,70371.0,39850.0,39648.0,0.0718880755679,0.2352684344328723,0.0833208952700479,0.1182752346227983
2025-10-01,37,2447548,2455458,252713.0,251369.1875132192,Building and Grounds Cleaning and Maintenance,74685.0,39400.0,40013.0,0.0669272661735579,0.0942048076043892,0.0844503483143219,0.0971483399089894
2025-11-01,37,2445367,2454514,227701.0,270372.8704880335,Building and Grounds Cleaning and Maintenance,56215.0,39539.0,40058.0,0.0543081280943332,0.0651442576235057,0.0818376254453299,0.08645959367422
2025-12-01,37,2442572,2452684,221863.0,271737.6847434287,Building and Grounds Cleaning and Maintenance,43281.0,39637.0,40375.0,0.0487993435472268,0.063776650211622,0.0802032823738758,0.0891541866002766
2026-01-01,37,2440436,2452780,243091.0,255612.6597357716,Building and Grounds Cleaning and Maintenance,20278.0,41313.0,39545.0,0.0696648449028445,0.0803619268372596,0.0799053652118099,0.0794296002023304
2026-02-01,37,2437770,2451056,255989.0,264744.79144249787,Building and Grounds Cleaning and Maintenance,21804.0,41003.0,40432.0,0.0524114121194769,0.0656925932741003,0.0730575814247926,0.0814995971505854
2026-03-01,37,2440289,2449990,289890.0,254477.26491694743,Building and Grounds Cleaning and Maintenance,26878.0,40674.0,40947.0,0.0694869000932103,0.0572473205163037,0.0715035912965846,0.0767240640858183
2026-04-01,37,2443514,2448637,295442.0,252641.9073390117,Building and Grounds Cleaning and Maintenance,28947.0,40035.0,41253.0,0.0706745053243563,0.0555625799566513,0.0671333476365359,0.0737618832830498
2026-05-01,37,2457766,2444920,286692.0,270513.8844683253,Building and Grounds Cleaning and Maintenance,27917.0,40056.0,41564.0,0.1339891866857118,0.0644838008593211,0.0543046746559733,0.0725480275884444
2026-06-01,37,2462781,2444048,278660.0,269331.8741669504,Building and Grounds Cleaning and Maintenance,31081.0,40807.0,40251.0,0.0876671639988485,0.0633667944193192,0.0637052401960762,0.0679918094545278
2026-07-01,37,2462856,2442936,287210.0,272211.4121876685,Building and Grounds Cleaning and Maintenance,26538.0,40217.0,38263.0,0.0615605888250112,0.0612499201814978,0.0608700331357389,0.0663310559193655
2026-08-01,37,2460804,2442014,264955.0,268242.0421242648,Building and Grounds Cleaning and Maintenance,26298.0,40219.0,41390.0,0.0977296705878532,0.1080972901098378,0.0856796000539242,0.0902140314108411
2021-01-01,39,3963774,3978361,,,Personal Care and Service,,,,0.3865162679930899,0.3792032144120537,0.3058606531435524,0.314622636192691
2021-02-01,39,3954762,3984861,,,Personal Care and Service,,,,0.2390505912158943,0.2672719783772232,0.3182014642042198,0.2986234898672499
2021-03-01,39,3970410,3993758,,,Personal Care and Service,,,,0.299151044621459,0.2520922646022498,0.3545448838092978,0.3278166951664507
2021-04-01,39,3985708,4003358,,,Personal Care and Service,,,,0.3103806717014304,0.2644039535721689,0.3574364825068324,0.3286618224571677
2021-05-01,39,4040899,4031420,,,Personal Care and Service,,,,0.5173061230225896,0.3535955612198498,0.3812884856404216,0.2977554585431916
2021-06-01,39,4077209,4043291,,,Personal Care and Service,,,,0.4856444267198931,0.379030703389751,0.3697847079066823,0.3345520945457312
2021-07-01,39,4088507,4055122,,,Personal Care and Service,,,,0.3365122854490144,0.3036520083518359,0.3737705361598822,0.3387604617068058
2021-08-01,39,4108561,4064448,,,Personal Care and Service,,,,0.5010733622259904,0.4427707775393173,0.3625229729271573,0.3349898573302959
2021-09-01,39,4073837,4075984,,,Personal Care and Service,,,,0.3782493959320705,0.4806426833013766,0.3671160763637154,0.3331554695354886
2021-10-01,39,4079076,4084149,,,Personal Care and Service,,,,0.3238050833788963,0.3086694273069026,0.3635694104591045,0.3395766064012717
2021-11-01,39,4084333,4094637,,,Personal Care and Service,,,,0.2783703677404688,0.2630565976378753,0.3895209023367962,0.3587866576868767
2021-12-01,39,4089960,4106075,,,Personal Care and Service,,,,0.2469176410718827,0.2306083041370719,0.3633144060383959,0.3298854205671188
2022-01-01,39,4096775,4113428,782760.0,846688.356304588,Personal Care and Service,156414.0,38034.0,38360.0,0.4186298463532375,0.398897928094829,0.3487574567850009,0.3273053312184727
2022-02-01,39,4092726,4123305,770226.0,828116.4988464583,Personal Care and Service,158023.0,38161.0,38818.0,0.2743452068622851,0.2865861907417255,0.3601487429645811,0.3314047775858166
2022-03-01,39,4109134,4132294,821768.0,822439.2781756194,Personal Care and Service,198510.0,38399.0,38968.0,0.3042241241267017,0.2566021276651138,0.3621383444407571,0.3360372563927007
2022-04-01,39,4124030,4140060,794812.0,817395.5917338878,Personal Care and Service,171191.0,38926.0,39222.0,0.3027024445805725,0.2600539180871024,0.3484402828996155,0.3259272691472246
2022-05-01,39,4177084,4162632,839319.0,763457.9171716811,Personal Care and Service,171143.0,39852.0,38920.0,0.5124343365407327,0.3601337793136855,0.3693676405205836,0.3042975196226871
2022-06-01,39,4206637,4174916,679421.0,706522.5378751385,Personal Care and Service,166871.0,39042.0,39173.0,0.4557636854317446,0.3717945990233399,0.3520545505874957,0.3167469465726152
2022-07-01,39,4211259,4179404,688322.0,733797.165080088,Personal Care and Service,162685.0,38373.0,39259.0,0.3003587936032955,0.2875909743096087,0.3334971286241555,0.320606280086102
2022-08-01,39,4226499,4184734,750682.0,739756.7011031373,Personal Care and Service,184219.0,38339.0,39546.0,0.4689254394224786,0.4259025326596701,0.3345821177380092,0.3193007429378687
2022-09-01,39,4185845,4189933,716309.0,739943.7898738345,Personal Care and Service,183024.0,40301.0,39862.0,0.336527321844037,0.4532961410239056,0.3281096658617791,0.3132177573403637
2022-10-01,39,4191122,4198480,710275.0,732908.8025164302,Personal Care and Service,165281.0,40312.0,39996.0,0.2951974686173364,0.2801175286104551,0.3351265837245221,0.3106987759826744
2022-11-01,39,4197526,4208174,761445.0,752373.679649104,Personal Care and Service,149596.0,40077.0,39563.0,0.2404536268755113,0.2223549137143253,0.3347292448158513,0.3070851510973655
2022-12-01,39,4202631,4215754,793258.0,743986.1223113608,Personal Care and Service,139910.0,40101.0,39369.0,0.2234272176693878,0.2091331971482894,0.3219725229360373,0.3003950981580001
2023-01-01,39,4204394,4221277,833823.0,879272.3131748562,Personal Care and Service,176190.0,39861.0,39768.0,0.3728541593138255,0.3678959226955626,0.3182418165433988,0.3025399514864164
2023-02-01,39,4198321,4226430,763428.0,795352.6117618636,Personal Care and Service,167466.0,40290.0,40522.0,0.2394094094662358,0.2568415995006696,0.3168227049846429,0.3021951156623913
2023-03-01,39,4211442,4231977,751428.0,713210.5641762011,Personal Care and Service,196280.0,40285.0,40766.0,0.2664533784887298,0.2293684874388348,0.3174151730122989,0.3016859893870051
2023-04-01,39,4221590,4235518,691771.0,666165.9135728998,Personal Care and Service,174432.0,40102.0,40359.0,0.2601107403731542,0.2320296280633759,0.3036237168913143,0.2935894896560554
2023-05-01,39,4266234,4248021,646915.0,622980.1009000402,Personal Care and Service,186597.0,40131.0,39403.0,0.4703203561980582,0.3451945638829747,0.3278497173256984,0.2925313189389675
2023-06-01,39,4281009,4252113,647275.0,666171.5878214284,Personal Care and Service,174736.0,40462.0,40251.0,0.388281369380533,0.3469515711935879,0.3068322777845784,0.2952803149852218
2023-07-01,39,4279491,4251532,643721.0,664434.7555829847,Personal Care and Service,164909.0,39634.0,39878.0,0.2662521667116956,0.2709477012622912,0.2987666403853655,0.3004073571412884
2023-08-01,39,4290770,4253069,684185.0,689254.9084934605,Personal Care and Service,203684.0,39425.0,40436.0,0.4358692364446295,0.4045731251220144,0.3037505409728737,0.2994216993433151
2023-09-01,39,4250149,4257294,689562.0,671683.9827785398,Personal Care and Service,191340.0,40066.0,39955.0,0.3068038371897258,0.4217202497915722,0.2987247915800062,0.2868146484971393
2023-10-01,39,4249986,4259219,725562.0,728796.3023025068,Personal Care and Service,187896.0,40433.0,40603.0,0.2583981208644368,0.2591395002215222,0.2953492867453268,0.2899261223206124
2023-11-01,39,4250585,4261345,629337.0,645919.0429229338,Personal Care and Service,175610.0,41329.0,41132.0,0.2080082185717708,0.2064969861565938,0.2876643612769217,0.2816773420464312
2023-12-01,39,4253415,4264193,585158.0,597632.5155537155,Personal Care and Service,157056.0,41192.0,40893.0,0.2000756003177938,0.1922405091619346,0.2838553113462342,0.2758421905553151
2024-01-01,39,4247480,4263513,640849.0,661206.426121857,Personal Care and Service,199610.0,40841.0,40351.0,0.3239708437246852,0.3413218633682614,0.2808669256531422,0.2827833106928626
2024-02-01,39,4241948,4266151,607584.0,619790.297068044,Personal Care and Service,166157.0,40921.0,40689.0,0.212341029927402,0.2282858546148347,0.2808333499075409,0.2734118482821647
2024-03-01,39,4250453,4267201,730783.0,664835.0541272342,Personal Care and Service,180526.0,41286.0,41748.0,0.2290432087952867,0.2055552779458295,0.2766507019315313,0.2736965605157697
2024-04-01,39,4257581,4268023,693039.0,624182.3309757287,Personal Care and Service,184327.0,41592.0,41916.0,0.235174546814664,0.2151356895161123,0.2768510391482695,0.2745456985326021
2024-05-01,39,4292210,4270885,694197.0,672233.4713138198,Personal Care and Service,206091.0,42288.0,41867.0,0.4152845760983895,0.3189478788734822,0.2806966887128707,0.2726558697030421
2024-06-01,39,4295155,4269081,741335.0,772589.2576858407,Personal Care and Service,183430.0,42876.0,42159.0,0.33135293826696,0.3231942065971321,0.2672304839745316,0.2723027540107562
2024-07-01,39,4292047,4268619,773325.0,807116.560044522,Personal Care and Service,193870.0,42402.0,42557.0,0.238291192259083,0.2474606153782104,0.274328910844568,0.2756258863355339
2024-08-01,39,4301075,4269562,785849.0,815124.5028794536,Personal Care and Service,187274.0,42987.0,43920.0,0.3957649488870851,0.3712055029425229,0.2697932591730706,0.267139728073305
2024-09-01,39,4257857,4268063,720633.0,711277.256668781,Personal Care and Service,197438.0,42523.0,42760.0,0.2727877090257338,0.3962231024345995,0.2632882830269222,0.2675056505796789
2024-10-01,39,4256751,4267774,700542.0,686467.5733039591,Personal Care and Service,194503.0,42494.0,43094.0,0.2275034748778331,0.2308949627413705,0.260864646132066,0.2616754719504255
2024-11-01,39,4257112,4267924,625031.0,652950.3419486455,Personal Care and Service,175846.0,43118.0,43350.0,0.1892285451822232,0.1898227698480353,0.2585219188233184,0.2580985124730471
2024-12-01,39,4256910,4265216,626799.0,649287.0986892163,Personal Care and Service,156163.0,43293.0,43593.0,0.181472515730047,0.1820972603267925,0.2533697349568988,0.2609919318383797
2025-01-01,39,4248763,4263413,608442.0,618542.9385745203,Personal Care and Service,188569.0,43324.0,42161.0,0.2835576331532526,0.3070999728976826,0.2503281285360926,0.255401384123162
2025-02-01,39,4240827,4260447,577857.0,581692.4437769516,Personal Care and Service,173236.0,42702.0,41501.0,0.1824809376316475,0.2053561377990507,0.2412087499441782,0.2495594506991648
2025-03-01,39,4244358,4256804,627053.0,577787.8611661106,Personal Care and Service,171828.0,43665.0,43987.0,0.1977188395409166,0.1877924751872165,0.2430017060684272,0.2532772802708903
2025-04-01,39,4248328,4254819,605883.0,550769.0772764351,Personal Care and Service,161257.0,43905.0,44511.0,0.2010970776842295,0.1913167371992018,0.2393592038103731,0.2449570444068328
2025-05-01,39,4278398,4254776,573745.0,568518.0044969287,Personal Care and Service,135971.0,45792.0,45990.0,0.371208849862361,0.2878574662888224,0.2456792232978377,0.2457996601113485
2025-06-01,39,4273730,4250738,537242.0,559010.7032271228,Personal Care and Service,134763.0,46122.0,45316.0,0.2857272010502066,0.2997464189315565,0.2368069671007217,0.2482094135117212
2025-07-01,39,4268194,4249703,556182.0,577813.1885479628,Personal Care and Service,142382.0,44425.0,43533.0,0.2032728606204597,0.2192976335790261,0.2414228673535378,0.2443473703749075
2025-08-01,39,4274107,4249437,572659.0,594931.843674827,Personal Care and Service,151136.0,44584.0,45611.0,0.3506441840897234,0.336418957543512,0.2348612543812146,0.2356098426831935
2025-09-01,39,4234148,4247271,550615.0,557083.647228661,Personal Care and Service,135122.0,45701.0,45865.0,0.2376898358578561,0.3518515575301013,0.2287008567392262,0.2348180587944902
2025-10-01,39,4230221,4242785,552311.0,546200.6629032686,Personal Care and Service,143582.0,44736.0,45654.0,0.1969118149334166,0.2084446675828946,0.2270564763184397,0.2397452972955333
2025-11-01,39,4229971,4240647,526215.0,569073.8765187246,Personal Care and Service,118777.0,44875.0,45846.0,0.1647675846666476,0.1660215932724618,0.2206858523156765,0.2267342214103845
2025-12-01,39,4232492,4238314,505773.0,565716.8714649231,Personal Care and Service,84064.0,45073.0,45870.0,0.1689565999200802,0.1624189928143573,0.228793250539897,0.2354020893191966
2026-01-01,39,4225329,4238323,546052.0,555227.9653092939,Personal Care and Service,50252.0,48874.0,47383.0,0.2437370807281051,0.2651211755120528,0.2200130563111402,0.219988166692007
2026-02-01,39,4219844,4234655,557878.0,561230.9373803319,Personal Care and Service,50771.0,47909.0,45677.0,0.1599553677108473,0.1767680801684786,0.2094104491146553,0.219804420088863
2026-03-01,39,4224519,4232560,848579.0,690112.177208709,Personal Care and Service,50930.0,46370.0,46637.0,0.1706368810006473,0.1578052684521654,0.212204451801811,0.218144504588172
2026-04-01,39,4228196,4230876,689846.0,541928.748190318,Personal Care and Service,50285.0,46281.0,46976.0,0.1693017054048292,0.1592809251249316,0.202183246698488,0.206963425844815
2026-05-01,39,4247691,4222883,576916.0,580425.876403691,Personal Care and Service,51066.0,46391.0,46970.0,0.2913491502781959,0.2366881429913504,0.1838890215138309,0.2066013868734394
2026-06-01,39,4239883,4220364,558751.0,578854.6408091655,Personal Care and Service,53429.0,46414.0,45926.0,0.2213746866910918,0.2435251230073939,0.1894962325558612,0.1966646418414868
2026-07-01,39,4231411,4218017,583952.0,592476.2579628512,Personal Care and Service,54262.0,46580.0,45600.0,0.1478542453791828,0.1724527442226985,0.1831854978490537,0.1898588375315091
2026-08-01,39,4232072,4214354,531729.0,569868.1348186727,Personal Care and Service,59333.0,45520.0,46607.0,0.2700652199119503,0.2685831223770443,0.1740009846327262,0.1844366749576001
2021-01-01,41,13288720,13287589,,,Sales and Related,,,,0.3890138337517063,0.3709979207496151,0.302281234945187,0.2692163321953789
2021-02-01,41,13251484,13318637,,,Sales and Related,,,,0.2572375888612837,0.2917159136239455,0.3096922360645716,0.2817175808054355
2021-03-01,41,13302713,13367090,,,Sales and Related,,,,0.3117255079236723,0.2657804218490049,0.3365488284742274,0.2930512451142348
2021-04-01,41,13343211,13404882,,,Sales and Related,,,,0.3056788997134606,0.2695862870315116,0.3309964043219211,0.2971655580811219
2021-05-01,41,13445053,13456621,,,Sales and Related,,,,0.3867998404864901,0.2960539943030507,0.3383966638983769,0.2922579408278084
2021-06-01,41,13553860,13530847,,,Sales and Related,,,,0.4109687561842107,0.3152318013741251,0.359902769132831,0.2940756671210374
2021-07-01,41,13600815,13566538,,,Sales and Related,,,,0.3237987563557112,0.2825729851116003,0.3348421207302622,0.3032717775022523
2021-08-01,41,13657118,13612637,,,Sales and Related,,,,0.4015027160444119,0.3525336305314195,0.3515694289790553,0.3109324351380714
2021-09-01,41,13628073,13624733,,,Sales and Related,,,,0.3490762257317479,0.3748912174634041,0.3342125672967132,0.3235584905916369
2021-10-01,41,13692034,13660601,,,Sales and Related,,,,0.3449769289580718,0.2893060831035025,0.3322373443820968,0.3007297307440673
2021-11-01,41,13750542,13702332,,,Sales and Related,,,,0.3073890038390881,0.2571018691292958,0.3514990651817365,0.3149523529974917
2021-12-01,41,13753431,13740366,,,Sales and Related,,,,0.2197431768883258,0.2175174573528341,0.3373547935492499,0.3041381888914126
2022-01-01,41,13776839,13779805,2359729.0,2910260.8397750584,Sales and Related,554158.0,58308.0,59138.0,0.4200965664076171,0.4006101990638888,0.3293872647699568,0.2950422233700882
2022-02-01,41,13754766,13819958,2330723.0,2902888.0881458963,Sales and Related,394834.0,56949.0,58663.0,0.2823237139982866,0.3016448115041206,0.3342510792858253,0.2993847427759589
2022-03-01,41,13797886,13859898,2375898.0,2843538.9564552004,Sales and Related,464717.0,56437.0,58591.0,0.3103042368545446,0.2734469681816261,0.336293838580065,0.301713820230322
2022-04-01,41,13830274,13889447,2354594.0,2845140.149187305,Sales and Related,473213.0,57963.0,59269.0,0.2989340928558449,0.2713877413532023,0.322446538472136,0.2969166873234648
2022-05-01,41,13926490,13934895,5044119.0,6295004.550925921,Sales and Related,1944716.0,64105.0,61597.0,0.3831898675520834,0.3003959934859124,0.3345607878944495,0.2954233950251796
2022-06-01,41,14016343,13990177,5897534.0,5768010.951951234,Sales and Related,2911421.0,63444.0,62246.0,0.3817486121403906,0.3051381406510212,0.3305876268494488,0.2831699033911321
2022-07-01,41,14050550,14011213,5263020.0,4890098.967528711,Sales and Related,2580872.0,60332.0,59504.0,0.2978698435222381,0.2691587279150098,0.3074265020727724,0.2894091686867849
2022-08-01,41,14095831,14047330,3059127.0,2654401.1335069924,Sales and Related,749821.0,60191.0,59870.0,0.3672408508271494,0.3289326631024422,0.3195533232000888,0.288701086780628
2022-09-01,41,14052091,14050764,5710966.0,3012914.59896501,Sales and Related,2903790.0,64095.0,61227.0,0.3070293479753447,0.3446610572277476,0.2959563817949914,0.2930230789391392
2022-10-01,41,14101583,14074715,3057953.0,2699400.23406522,Sales and Related,386384.0,57061.0,58680.0,0.3134214514460191,0.2719282151404156,0.3047190003112681,0.2842988427055196
2022-11-01,41,14138568,14098063,2376481.0,2699543.4990046,Sales and Related,379019.0,57821.0,58541.0,0.2583451305942113,0.2273543745708914,0.3005964803615467,0.2807239910483858
2022-12-01,41,14132642,14122264,2259841.0,2667974.409070438,Sales and Related,342207.0,58764.0,58183.0,0.196154906238778,0.2014919527263104,0.2976491390566981,0.277084584894096
2023-01-01,41,14133794,14142978,2597872.0,3012191.6823203894,Sales and Related,690010.0,62348.0,62373.0,0.3689949781746161,0.3692533777380455,0.2923412783712398,0.2747650550005125
2023-02-01,41,14101938,14166492,2485426.0,2985830.4568013907,Sales and Related,727630.0,60008.0,61007.0,0.2432535034041141,0.2706507223824539,0.2890649764730165,0.2691472032045039
2023-03-01,41,14128769,14187960,2563152.0,2894267.4253126606,Sales and Related,781329.0,61198.0,62337.0,0.2668753526597144,0.2444467542238154,0.2851707771006202,0.2670120796393159
2023-04-01,41,14139552,14193353,2058314.0,2301302.668268274,Sales and Related,438994.0,58323.0,58864.0,0.2522527033402631,0.2440044016352333,0.27006675255434,0.2655077856359567
2023-05-01,41,14201631,14209102,1925128.0,2240128.0192282554,Sales and Related,512210.0,58109.0,57561.0,0.3345463632819831,0.2823733711245929,0.2912205489670101,0.2779203361210066
2023-06-01,41,14261922,14229046,1989850.0,1932060.8917010487,Sales and Related,511465.0,58387.0,57170.0,0.33144731879507,0.2809287526982669,0.2836472464345266,0.2668274175162635
2023-07-01,41,14282118,14241757,2020387.0,1832808.3173253303,Sales and Related,441498.0,57427.0,57930.0,0.2674473071004311,0.2507662143532973,0.2768314596988332,0.2661219870575352
2023-08-01,41,14307493,14252856,2199435.0,2029707.1470241009,Sales and Related,540835.0,58185.0,58732.0,0.3224771423603775,0.3018657145825794,0.2792683424056911,0.2699239934336294
2023-09-01,41,14260379,14263692,2161337.0,1425472.6568159307,Sales and Related,415789.0,57167.0,55603.0,0.2764041378210796,0.3163768854629658,0.2715638396109121,0.2624471301437313
2023-10-01,41,14300692,14279125,2150221.0,1972947.087116459,Sales and Related,429634.0,57959.0,59387.0,0.2874277394856111,0.2539933912341673,0.2804803759376587,0.2675108620322714
2023-11-01,41,14327110,14293170,1777543.0,1954327.327451699,Sales and Related,344599.0,57908.0,58619.0,0.2324082426218936,0.2107229935067574,0.2723172508176613,0.2605250749920529
2023-12-01,41,14312557,14304473,1685888.0,1925057.023033409,Sales and Related,295720.0,60435.0,60115.0,0.1760381207608846,0.188631899397095,0.2650910940819899,0.2556094189418897
2024-01-01,41,14301249,14315309,1859476.0,2012267.180309944,Sales and Related,434354.0,60184.0,58900.0,0.3348376802703479,0.3449138788905408,0.2663262417983474,0.2572438659071492
2024-02-01,41,14271567,14334282,1705848.0,1879871.110749844,Sales and Related,347872.0,60252.0,59834.0,0.22861881330288,0.2538451037808162,0.2701453872064907,0.2542621788295856
2024-03-01,41,14294094,14348240,1872773.0,1906421.3113350072,Sales and Related,391213.0,60750.0,60851.0,0.2420068469745256,0.2237306003656049,0.254879024732197,0.2432046501808738
2024-04-01,41,14313553,14361923,1874497.0,1938760.239530856,Sales and Related,436273.0,61485.0,61689.0,0.2496254869158221,0.2336935207367254,0.2641861314935294,0.2527530595050449
2024-05-01,41,14369317,14373081,1747977.0,1901171.9624319668,Sales and Related,518736.0,58045.0,58783.0,0.3034434732035583,0.2573643672454838,0.26343003236824,0.2541143823963734
2024-06-01,41,14412749,14378535,1817144.0,1798808.178600635,Sales and Related,409953.0,64329.0,63354.0,0.2948673697945128,0.2588538689021746,0.2525850063581076,0.2480340345350669
2024-07-01,41,14434967,14393055,1903683.0,1778666.4110412076,Sales and Related,503508.0,59003.0,59692.0,0.2578138883746388,0.2397771175424513,0.2652008321807172,0.2530946347310293
2024-08-01,41,14460269,14405467,2021599.0,1989542.472163544,Sales and Related,512560.0,61938.0,62529.0,0.2996218672925942,0.2791435944487889,0.2613248642593146,0.2509865291814342
2024-09-01,41,14401973,14409570,2033105.0,1670375.689885897,Sales and Related,497081.0,60933.0,60642.0,0.2576905576522622,0.3066094418740588,0.2548722726167113,0.2514550152781635
2024-10-01,41,14431793,14414571,2061769.0,1949655.363840852,Sales and Related,533224.0,61309.0,63282.0,0.2575600951742052,0.2333776424900431,0.2523248643663405,0.2481623003269905
2024-11-01,41,14452952,14424721,1881380.0,2024105.0584468893,Sales and Related,429880.0,62018.0,62799.0,0.2134737527919432,0.196253499399444,0.2517933829448476,0.2433474317672148
2024-12-01,41,14435337,14428205,1825979.0,2030960.3358287048,Sales and Related,326978.0,65123.0,65286.0,0.1680507131682678,0.1828637770592153,0.2493195915051037,0.2464231670960065
2025-01-01,41,14414859,14432734,1859300.0,1901639.498488909,Sales and Related,505289.0,63502.0,60566.0,0.3079272715325359,0.3258617501662028,0.246571024088879,0.2428045596839464
2025-02-01,41,14377130,14436615,1823409.0,1878463.492775708,Sales and Related,471118.0,64460.0,62758.0,0.2101584252847976,0.2420207973217671,0.2472175242492607,0.2439913119808847
2025-03-01,41,14393781,14442620,1891067.0,1787059.962320757,Sales and Related,414353.0,60338.0,59194.0,0.2356854838115103,0.2220195406183915,0.2453539782742886,0.2403635409008834
2025-04-01,41,14402940,14445455,1909403.0,1848509.02050136,Sales and Related,388019.0,59964.0,60229.0,0.2312612794933835,0.2242804428029204,0.2424848339847164,0.2401305098531185
2025-05-01,41,14447755,14448070,1766238.0,1809507.34269751,Sales and Related,328686.0,64852.0,66104.0,0.2788651206521013,0.2420281885886996,0.2416416114223384,0.2394703923389188
2025-06-01,41,14483522,14448681,1662617.0,1680875.1889971269,Sales and Related,394975.0,61072.0,61054.0,0.2794723326174503,0.2501175147850805,0.2409843546191087,0.2404767542050187
2025-07-01,41,14491942,14449486,1663661.0,1628797.969714856,Sales and Related,415216.0,60899.0,61855.0,0.2329357843473078,0.2261109900110186,0.2387105949449485,0.23804131096912
2025-08-01,41,14502703,14448362,1716732.0,1754858.157950594,Sales and Related,435143.0,64512.0,65773.0,0.267757100590261,0.2602234274955814,0.2352259755935791,0.2361598622344228
2025-09-01,41,14444630,14456637,1653388.0,1717169.278118213,Sales and Related,378222.0,62809.0,63771.0,0.2383068504396692,0.2873697291126834,0.2385496419973323,0.2316803953356594
2025-10-01,41,14464598,14451689,1641469.0,1643749.0424366277,Sales and Related,374631.0,61561.0,63785.0,0.239078432599742,0.2231566769785017,0.2357890146134105,0.2398983377774792
2025-11-01,41,14476976,14454356,1590564.0,1703074.396771557,Sales and Related,306303.0,63369.0,64627.0,0.1951985891780502,0.1863237448291101,0.2326083436624048,0.2303941404891246
2025-12-01,41,14462382,14456085,1551128.0,1710337.999887207,Sales and Related,218488.0,68878.0,69648.0,0.1588763671630101,0.1729663208992077,0.2327040608802464,0.2312680425065733
2026-01-01,41,14443315,14464721,1702523.0,1667159.3922037208,Sales and Related,175155.0,76258.0,71808.0,0.289653047297413,0.3064239471883829,0.2341258208231907,0.2269616961848343
2026-02-01,41,14404937,14460851,1782281.0,1726792.2452199263,Sales and Related,151872.0,76276.0,73913.0,0.1902507591040008,0.2237433995340222,0.2232500657456545,0.2264609697458316
2026-03-01,41,14418090,14461485,1914785.0,1693779.8757927304,Sales and Related,159979.0,73523.0,72522.0,0.2149311939321957,0.2048704526691687,0.2218264470572457,0.2213003313867146
2026-04-01,41,14429152,14466082,1843316.0,1672990.4314686698,Sales and Related,148096.0,74369.0,74166.0,0.2108065570516823,0.2023593680428235,0.2191648585589792,0.2153510797459845
2026-05-01,41,14458813,14456398,1813893.0,1738612.8524810197,Sales and Related,135895.0,71520.0,73517.0,0.2421658680926311,0.2177653120297875,0.2084462101874793,0.216485278479707
2026-06-01,41,14487701,14453607,1737258.0,1775670.5475251705,Sales and Related,138283.0,73737.0,74020.0,0.2414751395067226,0.2178063520898178,0.2089032574733135,0.2112209237714207
2026-07-01,41,14497901,14456408,1803484.0,1802006.805661016,Sales and Related,133578.0,75549.0,75003.0,0.2019731941530046,0.1938030455528896,0.2061632050861704,0.2038385313774333
2026-08-01,41,14512423,14460528,1614101.0,1740776.7353621454,Sales and Related,145852.0,72603.0,74580.0,0.228497989703868,0.2168169481307438,0.2009387421353746,0.197520205882115
2021-01-01,43,14906552,14899133,,,Office and Administrative Support,,,,0.362355822546182,0.3299608557753046,0.2839377495103369,0.256159730770756
2021-02-01,43,14895418,14934521,,,Office and Administrative Support,,,,0.2490642892665512,0.2587012167570558,0.2886662191434437,0.2602321965747228
2021-03-01,43,14947862,14976342,,,Office and Administrative Support,,,,0.2965552539473154,0.2553989004894789,0.3165134081105961,0.28300320055264
2021-04-01,43,14971412,15007991,,,Office and Administrative Support,,,,0.2754840746553932,0.2575033208592152,0.3039635950743559,0.2786585951354496
2021-05-01,43,15040726,15051212,,,Office and Administrative Support,,,,0.3411045970846901,0.2867681961759531,0.3124149010791947,0.2779552369813255
2021-06-01,43,15122420,15104348,,,Office and Administrative Support,,,,0.3765991732931046,0.3126926606229958,0.3361466099024212,0.2939311314483538
2021-07-01,43,15153335,15141845,,,Office and Administrative Support,,,,0.3107592899393459,0.2868034047841739,0.3203442361508448,0.290627799928412
2021-08-01,43,15220258,15186208,,,Office and Administrative Support,,,,0.3978510716739549,0.345716482807733,0.3364632057446972,0.3014080084466894
2021-09-01,43,15220539,15224225,,,Office and Administrative Support,,,,0.3471247219130687,0.3474283111655109,0.3296244734679801,0.2996585492615563
2021-10-01,43,15283452,15264752,,,Office and Administrative Support,,,,0.3389123923884479,0.289908570167285,0.327300398618123,0.2954410840053736
2021-11-01,43,15344524,15321400,,,Office and Administrative Support,,,,0.313699840633369,0.2667276222149412,0.3681876227141387,0.3238195590203681
2021-12-01,43,15357344,15359254,,,Office and Administrative Support,,,,0.2283757095808908,0.2187459050709656,0.3297657485288161,0.3001903880764028
2022-01-01,43,15407259,15400164,1984040.0,2137164.460914833,Office and Administrative Support,634486.0,41090.0,40701.0,0.407183839904405,0.369373029250255,0.3223505219777668,0.2904724886584908
2022-02-01,43,15408028,15441571,2084245.0,2139577.285422045,Office and Administrative Support,609332.0,41042.0,41050.0,0.2854101739690893,0.2854425238224879,0.326585864832837,0.2944083382798037
2022-03-01,43,15441941,15465626,2119845.0,2086255.9299443832,Office and Administrative Support,717790.0,40940.0,41830.0,0.3004936303173512,0.2746234855689413,0.3199568285968255,0.3012922691339403
2022-04-01,43,15458759,15493489,2025837.0,2049609.9248832185,Office and Administrative Support,628950.0,41995.0,41779.0,0.2863995058301375,0.2736801045603941,0.3181395765540736,0.2965578846365224
2022-05-01,43,15521710,15528935,2289874.0,2045409.869938872,Office and Administrative Support,512440.0,42585.0,41561.0,0.3523359177862576,0.3041487385620167,0.3212702380966885,0.2938799109390148
2022-06-01,43,15579438,15560758,1860664.0,1842713.999658068,Office and Administrative Support,486675.0,41259.0,41531.0,0.3476434213222721,0.3035279792597412,0.3103863598329311,0.285845906958162
2022-07-01,43,15593975,15583423,1831105.0,1913866.4506106428,Office and Administrative Support,433998.0,40889.0,41949.0,0.2848109796408877,0.273959041350427,0.2924563026866564,0.2750036475271079
2022-08-01,43,15645925,15616298,1854938.0,1924837.6221600955,Office and Administrative Support,496017.0,40905.0,42033.0,0.3666095558949808,0.3274242429709942,0.3115267944984894,0.2862644103296101
2022-09-01,43,15622144,15630499,2008064.0,1956304.6684737697,Office and Administrative Support,510243.0,41961.0,42371.0,0.300827683230698,0.3198193342914125,0.285643918704386,0.2747414344063906
2022-10-01,43,15665102,15650274,1976210.0,1956411.9141893552,Office and Administrative Support,486908.0,42559.0,42826.0,0.3001583469916348,0.2674417226750241,0.2888930799160206,0.2737302393749805
2022-11-01,43,15689805,15669200,1990506.0,1981012.8387928929,Office and Administrative Support,403354.0,42819.0,42785.0,0.2424033375139067,0.2237621197408816,0.284464990956411,0.2699700058782354
2022-12-01,43,15680658,15681918,1913373.0,1959489.035478402,Office and Administrative Support,359300.0,43305.0,42229.0,0.1891125744083118,0.1969134026151488,0.273320308929191,0.2635888398997124
2023-01-01,43,15699908,15694707,1953589.0,2028268.299289231,Office and Administrative Support,544556.0,43649.0,42791.0,0.3399719783572903,0.3268472772190011,0.2711072684407709,0.2613290872377306
2023-02-01,43,15681953,15709887,1774588.0,1814886.183662416,Office and Administrative Support,536856.0,43859.0,43751.0,0.2324725416647363,0.2469113059933349,0.2675918722318131,0.255996497299834
2023-03-01,43,15701328,15722642,1917821.0,1865664.3265648724,Office and Administrative Support,530762.0,44094.0,44831.0,0.2495545824097388,0.2353354500324382,0.2650203572707436,0.2552845567866889
2023-04-01,43,15695400,15723718,1814834.0,1801042.6602999622,Office and Administrative Support,541806.0,44574.0,44595.0,0.2290543524919759,0.2344526419493832,0.2534259854316881,0.2526066857132745
2023-05-01,43,15740819,15743709,1644322.0,1560256.5835722676,Office and Administrative Support,589709.0,43907.0,43398.0,0.2954322924224359,0.261266086896521,0.2681726530457809,0.2529338544070183
2023-06-01,43,15766524,15750328,1619198.0,1629568.5431265368,Office and Administrative Support,547751.0,44213.0,44475.0,0.2839745630160413,0.2648781098086561,0.2550571303411991,0.2500149925515136
2023-07-01,43,15769087,15757834,1527390.0,1570908.0258700536,Office and Administrative Support,495590.0,44132.0,44642.0,0.2500827544279607,0.248877045460216,0.2560536088810282,0.2503372896022484
2023-08-01,43,15781793,15754387,1579424.0,1614535.8578385825,Office and Administrative Support,526679.0,44349.0,44714.0,0.2919195781888119,0.2828241420829375,0.2468323204554326,0.2494576677963084
2023-09-01,43,15747684,15757197,1586715.0,1536919.014255623,Office and Administrative Support,400240.0,43915.0,44122.0,0.2533897010568106,0.2797285112158004,0.2406044290937414,0.238464129594759
2023-10-01,43,15778492,15768172,1641415.0,1582969.8797107253,Office and Administrative Support,414636.0,44113.0,44505.0,0.2581399745021529,0.2354935569401391,0.2482645847485898,0.2399122629925342
2023-11-01,43,15789836,15774196,1388226.0,1426881.4785739766,Office and Administrative Support,406993.0,44932.0,44723.0,0.2056461564960563,0.1980614572173003,0.2419796606560188,0.2373969598262607
2023-12-01,43,15778090,15779386,1252248.0,1301686.8687424418,Office and Administrative Support,299010.0,44765.0,44321.0,0.1633378428996572,0.1724524409918459,0.2327177573770502,0.2287702129710139
2024-01-01,43,15783900,15784444,1405637.0,1421141.2667147042,Office and Administrative Support,502807.0,45782.0,44425.0,0.2892096354368811,0.2853939565766288,0.2349076351676442,0.2310627025242906
2024-02-01,43,15762253,15788523,1345357.0,1420394.2299874728,Office and Administrative Support,445388.0,45029.0,45103.0,0.2003344748033917,0.2173168862819607,0.23076836401216,0.2276686690561226
2024-03-01,43,15764769,15783424,1418134.0,1393033.2293138092,Office and Administrative Support,469183.0,45445.0,45925.0,0.2067492735759768,0.2050963475077118,0.2163194484663734,0.2201965310189161
2024-04-01,43,15764252,15787436,1400502.0,1366924.310294357,Office and Administrative Support,520649.0,45911.0,46201.0,0.2135957919669435,0.2146156164453183,0.2337332660579062,0.2306833221359468
2024-05-01,43,15780316,15777682,1366070.0,1338435.8916700846,Office and Administrative Support,570524.0,48256.0,48939.0,0.2420242763228289,0.2301539505674958,0.2170532364627718,0.2244717203279833
2024-06-01,43,15788602,15768962,1358430.0,1396085.93662312,Office and Administrative Support,476721.0,47472.0,48124.0,0.2407483720063299,0.235073990356916,0.2155469725266386,0.222183375068894
2024-07-01,43,15788871,15774400,1398386.0,1438721.0047762927,Office and Administrative Support,505326.0,47271.0,47335.0,0.2203876275338708,0.2208576095289174,0.2271446711434649,0.2230070337172937
2024-08-01,43,15795221,15770088,1491585.0,1571398.9005514386,Office and Administrative Support,499514.0,48013.0,48048.0,0.250522403067367,0.2461601737219466,0.2140199970276522,0.2173009064646207
2024-09-01,43,15755348,15765943,1415430.0,1338227.802667366,Office and Administrative Support,455140.0,48213.0,48503.0,0.2254066845693308,0.2560966126424523,0.2134862786164165,0.2166417843305124
2024-10-01,43,15771504,15766336,1526861.0,1372357.4588024488,Office and Administrative Support,570628.0,50039.0,50332.0,0.2171498524133237,0.2052849687973782,0.2087951499712336,0.2084963713468442
2024-11-01,43,15773184,15763859,1477426.0,1532660.785022958,Office and Administrative Support,594997.0,53221.0,52496.0,0.1760798720373623,0.1750231159045621,0.2068918986143655,0.2087778890276825
2024-12-01,43,15754951,15756998,1467302.0,1541503.9876689983,Office and Administrative Support,447943.0,52828.0,53196.0,0.150133425226141,0.1644429082950943,0.2109719355980439,0.2161973072050972
2025-01-01,43,15742433,15748908,1705621.0,1637509.694152749,Office and Administrative Support,826983.0,54221.0,52190.0,0.2458105896095161,0.2557125624881189,0.2034482895521499,0.2096124749802024
2025-02-01,43,15713779,15738950,1657059.0,1721271.970054481,Office and Administrative Support,779346.0,54957.0,54465.0,0.1747388304639505,0.197449752526109,0.2013385693533153,0.2089312354762301
2025-03-01,43,15712575,15728899,1443368.0,1408721.0735770587,Office and Administrative Support,392904.0,47339.0,47528.0,0.1909799828024314,0.1925173024164851,0.1971910674892419,0.2048599283785092
2025-04-01,43,15699362,15717486,1246273.0,1207119.400795302,Office and Administrative Support,364730.0,46911.0,47692.0,0.1796174788932203,0.1906697140843318,0.195115787222316,0.2038280117873912
2025-05-01,43,15701539,15693428,1235906.0,1258867.0143080845,Office and Administrative Support,360780.0,47246.0,48611.0,0.2051553368127314,0.2038724862020032,0.1818058394105284,0.2002033521848586
2025-06-01,43,15694460,15670925,1210857.0,1267407.5799581364,Office and Administrative Support,374482.0,48602.0,48974.0,0.2101465038893029,0.2157972218990731,0.1871661432663172,0.2043972362533218
2025-07-01,43,15677067,15659015,1288044.0,1380538.1156449406,Office and Administrative Support,378689.0,48604.0,48622.0,0.1821069847406675,0.1960077277691958,0.1898647607954695,0.1989904634688089
2025-08-01,43,15670997,15647908,1568409.0,1717336.1360351297,Office and Administrative Support,380771.0,49687.0,49618.0,0.2131086691081065,0.2185998350274236,0.1841754378194762,0.1926939663791571
2025-09-01,43,15636277,15647543,1465909.0,1288494.0115336156,Office and Administrative Support,343314.0,49821.0,50281.0,0.1984623221681901,0.2263835666372601,0.1885406338804925,0.1888208562020348
2025-10-01,43,15622677,15622658,1476472.0,1262153.000253335,Office and Administrative Support,396826.0,50283.0,51072.0,0.1855510871964145,0.1965196190871536,0.1795450379540169,0.1986596897754601
2025-11-01,43,15618702,15615896,1221833.0,1323606.8319275477,Office and Administrative Support,311414.0,51572.0,51424.0,0.1542431696276931,0.1580605482196176,0.1817663741048055,0.1869629647872201
2025-12-01,43,15605963,15608889,1338523.0,1329902.4391476344,Office and Administrative Support,223830.0,50490.0,51618.0,0.1317483889514098,0.1421254600959582,0.1811236583686354,0.1865107274315569
2026-01-01,43,15598223,15610788,1361031.0,1268533.8677218163,Office and Administrative Support,153223.0,55674.0,52131.0,0.2149669360503732,0.2214533766505519,0.18323597792216,0.1817756888266277
2026-02-01,43,15579722,15604209,1230901.0,1316335.9218751937,Office and Administrative Support,149523.0,55146.0,54058.0,0.1541568801325537,0.1692664699764993,0.1767911407629034,0.1818505600509913
2026-03-01,43,15593411,15607505,1264364.0,1237104.1603835807,Office and Administrative Support,159545.0,54052.0,54117.0,0.1762271707973322,0.1671658682695467,0.1796060374502616,0.1770719068949959
2026-04-01,43,15596943,15610043,1262193.0,1217899.5603173245,Office and Administrative Support,164329.0,53792.0,55234.0,0.1631052912464531,0.1614883640169552,0.1751342710251818,0.1731833055500214
2026-05-01,43,15621661,15608581,1234800.0,1314576.4480260625,Office and Administrative Support,152419.0,52602.0,54343.0,0.195154666886874,0.1764262683026529,0.1717092947658313,0.17283289235135
2026-06-01,43,15638946,15612127,1227117.0,1303769.1313509692,Office and Administrative Support,161841.0,53093.0,53489.0,0.1929778248327015,0.1799518151800268,0.1721572267676741,0.1694323519483237
2026-07-01,43,15632335,15611732,1265715.0,1295151.2729490234,Office and Administrative Support,157427.0,53727.0,53598.0,0.156645890008654,0.1623060060821648,0.1653753966402679,0.1656781053314615
2026-08-01,43,15635483,15615696,1162369.0,1266898.4468555544,Office and Administrative Support,173155.0,52379.0,51629.0,0.1895057791037038,0.1874604691210418,0.1657471660639588,0.1627015789304323
2021-01-01,45,218826,220844,,,"Farming, Fishing, and Forestry",,,,0.3829055437008583,0.355003984066001,0.3559797901784054,0.2977304281183529
2021-02-01,45,218375,221377,,,"Farming, Fishing, and Forestry",,,,0.235132367662247,0.2613061304448437,0.3444843007613365,0.3156329683716842
2021-03-01,45,219531,221952,,,"Farming, Fishing, and Forestry",,,,0.3003184768726676,0.2373300659184303,0.3464507270072168,0.3153999830896693
2021-04-01,45,220822,222835,,,"Farming, Fishing, and Forestry",,,,0.3330717702564271,0.2635459337822388,0.3513413798764122,0.3039002057328087
2021-05-01,45,224371,223341,,,"Farming, Fishing, and Forestry",,,,0.5518612161217035,0.3632950582672422,0.3284746612605353,0.3014021158902829
2021-06-01,45,227398,223955,,,"Farming, Fishing, and Forestry",,,,0.4840054254346111,0.3249482526436827,0.3413749614073486,0.3086108988533741
2021-07-01,45,228195,224659,,,"Farming, Fishing, and Forestry",,,,0.2769855205584648,0.235151435176166,0.3335386453588555,0.2960087198642842
2021-08-01,45,228783,225071,,,"Farming, Fishing, and Forestry",,,,0.4203581935049751,0.3903077519922573,0.3248859854583634,0.3030332010087112
2021-09-01,45,225917,225589,,,"Farming, Fishing, and Forestry",,,,0.3203151002637089,0.4734593871742263,0.3350080386152685,0.3074461385168412
2021-10-01,45,226440,226624,,,"Farming, Fishing, and Forestry",,,,0.2917871019459501,0.2643953163317085,0.3488336846066491,0.2940540839520622
2021-11-01,45,226291,227178,,,"Farming, Fishing, and Forestry",,,,0.2696957562275424,0.2781523659835183,0.3662994111190322,0.3370698816230463
2021-12-01,45,226322,227950,,,"Farming, Fishing, and Forestry",,,,0.2179146328636219,0.2167840486598951,0.3388021819563501,0.2981628964313253
2022-01-01,45,226166,228396,45347.0,38028.90407261568,"Farming, Fishing, and Forestry",12032.0,38255.0,38583.0,0.3408708032372322,0.3497921338373329,0.3220418944383273,0.2986968652320892
2022-02-01,45,225705,228767,43344.0,37074.37247607813,"Farming, Fishing, and Forestry",11238.0,38050.0,38964.0,0.218791696292077,0.2443840279157359,0.3164982400205984,0.2970490052458194
2022-03-01,45,227189,229545,38678.0,36193.54072414331,"Farming, Fishing, and Forestry",14794.0,38022.0,39638.0,0.2890586952769146,0.2122644443384007,0.3251918553054811,0.2846388263652921
2022-04-01,45,227618,229548,39003.0,36355.76232210256,"Farming, Fishing, and Forestry",12552.0,39016.0,39536.0,0.2646728393762289,0.2426123668401871,0.2834481199998804,0.2833602827119598
2022-05-01,45,231433,230205,41766.0,34924.11107076487,"Farming, Fishing, and Forestry",12695.0,39725.0,38969.0,0.5550904184183719,0.3580680230993492,0.3286120258575452,0.2945188745198742
2022-06-01,45,234628,231058,35697.0,31546.21385714658,"Farming, Fishing, and Forestry",12725.0,39763.0,39860.0,0.4658873055312751,0.3026593869414572,0.3307444293440597,0.2864764353078422
2022-07-01,45,234987,231229,34926.0,32454.257167309504,"Farming, Fishing, and Forestry",10160.0,39242.0,39979.0,0.2471483277000047,0.2288981403032081,0.2960047262811149,0.2871868040668264
2022-08-01,45,235348,231511,32658.0,33414.76518760159,"Farming, Fishing, and Forestry",11514.0,38710.0,40246.0,0.4061095030967376,0.3891190986299316,0.3153770433804392,0.3008021571788449
2022-09-01,45,232156,231908,29392.0,32990.539657604124,"Farming, Fishing, and Forestry",9822.0,41798.0,41156.0,0.2773831237176765,0.4428854698135795,0.2952604060612061,0.2747981030031823
2022-10-01,45,231329,231679,29030.0,33235.42269619096,"Farming, Fishing, and Forestry",8384.0,42152.0,41592.0,0.2356032625739346,0.278579938896658,0.2907496014800916,0.3026463119480733
2022-11-01,45,231000,232054,27738.0,33299.479803093964,"Farming, Fishing, and Forestry",6902.0,41849.0,41163.0,0.2146465929562682,0.2326471689647579,0.3027371391166054,0.2833704467255638
2022-12-01,45,230377,232168,26666.0,33687.97024739092,"Farming, Fishing, and Forestry",5644.0,42938.0,40891.0,0.1796737689218493,0.2133878022637517,0.2839483698971278,0.278062227889741
2023-01-01,45,229626,232053,30786.0,29506.037221999773,"Farming, Fishing, and Forestry",8420.0,42032.0,41647.0,0.2836915946675683,0.3237514137429412,0.2756359936631908,0.2816148025321048
2023-02-01,45,229473,232541,30612.0,28677.085267471663,"Farming, Fishing, and Forestry",8942.0,41937.0,42425.0,0.2206800784878848,0.2290935080503243,0.312675339126775,0.2875343037801972
2023-03-01,45,230491,232732,36029.0,32590.73981686798,"Farming, Fishing, and Forestry",10792.0,43253.0,44147.0,0.2654946370635281,0.2130623339753635,0.2938595380691922,0.284064403851046
2023-04-01,45,231218,232924,36561.0,33414.58049795759,"Farming, Fishing, and Forestry",9407.0,42734.0,43302.0,0.2446317622919512,0.2078422839942031,0.2639582341418728,0.2542204325448511
2023-05-01,45,234908,233524,35312.0,31953.289146352123,"Farming, Fishing, and Forestry",9474.0,41793.0,41943.0,0.5063853926639624,0.3209691096117353,0.2933841940071549,0.2625433504988222
2023-06-01,45,237242,233667,33046.0,30743.78392577999,"Farming, Fishing, and Forestry",8274.0,41761.0,41854.0,0.3961479473417171,0.278413471461274,0.2768991370582835,0.2697375248699227
2023-07-01,45,237601,233727,31273.0,29817.267114113667,"Farming, Fishing, and Forestry",7556.0,42420.0,43912.0,0.2346953437173804,0.2185735793278752,0.277672606957911,0.274582543572475
2023-08-01,45,237876,233874,34819.0,35953.37183837005,"Farming, Fishing, and Forestry",9396.0,43309.0,44327.0,0.3499814310745803,0.3381229404290029,0.2685800304741172,0.2611430902621813
2023-09-01,45,234344,234346,32924.0,33428.78109961732,"Farming, Fishing, and Forestry",7447.0,42523.0,41856.0,0.2524852874122189,0.4335529979781443,0.2765743925067037,0.2525213724595578
2023-10-01,45,233755,234232,33152.0,31711.298221366644,"Farming, Fishing, and Forestry",6033.0,42877.0,42605.0,0.2111440659189133,0.241910206095753,0.2595783899617356,0.2656145676169955
2023-11-01,45,233263,234437,31047.0,38766.55926088359,"Farming, Fishing, and Forestry",5337.0,42241.0,41850.0,0.1747768373222784,0.2029320757692063,0.2591783944292528,0.2489992492028125
2023-12-01,45,232910,234914,23517.0,29461.41197021269,"Farming, Fishing, and Forestry",4851.0,42939.0,41772.0,0.1621626116825811,0.1806959032456593,0.2530450340290455,0.2290217993987455
2024-01-01,45,232388,234949,27187.0,27233.79821255376,"Farming, Fishing, and Forestry",7419.0,43677.0,42094.0,0.257894141171996,0.2861512856980466,0.2577277242669408,0.2566016771773272
2024-02-01,45,232357,235367,28269.0,27168.62199783042,"Farming, Fishing, and Forestry",7080.0,43719.0,43733.0,0.1844179154302067,0.1874707346246711,0.2631026220560942,0.2419009719057916
2024-03-01,45,233345,235494,31389.0,27979.05560055249,"Farming, Fishing, and Forestry",8799.0,43781.0,43750.0,0.2307402345369562,0.1800607724632439,0.2455102274670467,0.2390674836738411
2024-04-01,45,234255,235646,30890.0,27759.366901429148,"Farming, Fishing, and Forestry",8459.0,42852.0,43689.0,0.2322281828299385,0.1923241677583388,0.2511394895173565,0.2437169102427674
2024-05-01,45,236976,235367,27852.0,26642.75143132004,"Farming, Fishing, and Forestry",8232.0,43431.0,44080.0,0.4452960931782665,0.3081601108018567,0.2457103350181999,0.2600775832548808
2024-06-01,45,239049,235451,27150.0,25911.62665667193,"Farming, Fishing, and Forestry",7282.0,44199.0,44090.0,0.3561814827479228,0.2522661623931076,0.2505820940403329,0.2464179890345321
2024-07-01,45,239986,236114,28480.0,26857.17423836276,"Farming, Fishing, and Forestry",7994.0,43940.0,46293.0,0.2269898455615791,0.1812007426418891,0.2618020921065392,0.2281488145940651
2024-08-01,45,240052,236012,28014.0,28691.888434440447,"Farming, Fishing, and Forestry",7704.0,43505.0,44242.0,0.323926656909405,0.3225539980710634,0.2454820881804943,0.2506723274883183
2024-09-01,45,236395,236630,26301.0,26546.637590135942,"Farming, Fishing, and Forestry",7180.0,44409.0,44136.0,0.2225804822561597,0.4084987397677684,0.2520373184787285,0.2208179745759134
2024-10-01,45,235469,236078,51365.0,35341.63750311593,"Farming, Fishing, and Forestry",7231.0,43081.0,42741.0,0.1790628277641924,0.2266766619419689,0.2214944479772259,0.2495850256976258
2024-11-01,45,234934,236238,41318.0,55385.98463615915,"Farming, Fishing, and Forestry",7167.0,43292.0,41956.0,0.1535036306559725,0.1810373912743927,0.2353851712123288,0.2273003132304729
2024-12-01,45,233525,235701,24281.0,30248.785151361066,"Farming, Fishing, and Forestry",8035.0,41500.0,40301.0,0.123789894185294,0.1964937303217493,0.2021695556970125,0.2295065567451001
2025-01-01,45,233311,235950,27425.0,27730.68347218085,"Farming, Fishing, and Forestry",11219.0,43438.0,41341.0,0.2319979031073349,0.2467596475946396,0.2407564441952564,0.2280753022752975
2025-02-01,45,232713,235607,50339.0,51472.76025720081,"Farming, Fishing, and Forestry",35127.0,57662.0,56837.0,0.1333618239644368,0.1645136224684825,0.1950910683476402,0.212655184628109
2025-03-01,45,233665,235716,51094.0,46509.59129499632,"Farming, Fishing, and Forestry",9713.0,43336.0,44096.0,0.2089650407074478,0.1610120080377848,0.215824178094601,0.2103555974733887
2025-04-01,45,234421,235450,28952.0,26054.787193592583,"Farming, Fishing, and Forestry",9182.0,43441.0,45422.0,0.2018946672836926,0.1638629217613822,0.2098862018206119,0.2236329152785663
2025-05-01,45,237256,235440,27284.0,27761.89579382056,"Farming, Fishing, and Forestry",9090.0,42866.0,45100.0,0.393198907379053,0.2510143238273706,0.212440190428947,0.2134613197617134
2025-06-01,45,238912,235338,26787.0,25784.87535083209,"Farming, Fishing, and Forestry",8881.0,43904.0,45412.0,0.2854605725828423,0.2027094696120857,0.1980594274417128,0.2033024672378643
2025-07-01,45,238947,235130,27490.0,26555.10262802317,"Farming, Fishing, and Forestry",8774.0,43345.0,45044.0,0.1694956611365863,0.1693713859705459,0.1974280181478694,0.208014743586294
2025-08-01,45,238299,234296,28491.0,29072.80210678244,"Farming, Fishing, and Forestry",9043.0,47234.0,49216.0,0.2236137939032902,0.2598791279834451,0.1646912810930867,0.2073416516172309
2025-09-01,45,234645,235131,27014.0,27421.07388577835,"Farming, Fishing, and Forestry",7342.0,48690.0,48317.0,0.1793698265524583,0.3666829798853003,0.2182218619085288,0.1756550309938392
2025-10-01,45,234376,235097,24778.0,23956.42007964445,"Farming, Fishing, and Forestry",6806.0,50900.0,49108.0,0.1601350147017055,0.1740852863790787,0.1953765705953642,0.1970909460935459
2025-11-01,45,233681,235089,23014.0,27779.51870013733,"Farming, Fishing, and Forestry",6440.0,53578.0,49811.0,0.1166363850974689,0.1524852360330054,0.1899031984241448,0.1903967668251218
2025-12-01,45,232934,235273,22674.0,28164.853075117408,"Farming, Fishing, and Forestry",5200.0,49929.0,47604.0,0.1187935481623734,0.1600958783623018,0.1917706919818678,0.1823265893588084
2026-01-01,45,232570,235255,25150.0,27261.8640345216,"Farming, Fishing, and Forestry",4899.0,50751.0,47642.0,0.1708703132950847,0.1899448842153037,0.1820152718620096,0.1828501692124015
2026-02-01,45,232489,235267,27088.0,28444.835954132668,"Farming, Fishing, and Forestry",4871.0,44282.0,43278.0,0.1272350224393577,0.1315461452334799,0.1810540737268239,0.1805802221394188
2026-03-01,45,233202,235162,30641.0,28435.096577664302,"Farming, Fishing, and Forestry",5617.0,46847.0,47804.0,0.1788746511878848,0.1427951103056188,0.1794089064492544,0.1847154221606423
2026-04-01,45,234640,235342,30198.0,26823.44364320456,"Farming, Fishing, and Forestry",4907.0,42589.0,45720.0,0.1965231083502051,0.1249331555727955,0.1938017565804521,0.1846302804138431
2026-05-01,45,237199,235206,26950.0,28714.10793408739,"Farming, Fishing, and Forestry",3313.0,44738.0,47651.0,0.3205730229707109,0.1919282202808528,0.1628201824842357,0.16976938650531
2026-06-01,45,238643,235128,31576.0,29050.9376879122,"Farming, Fishing, and Forestry",8340.0,42366.0,44580.0,0.2399417165082988,0.1687751678014517,0.1667425701448117,0.1706992494347164
2026-07-01,45,238829,235117,32431.0,29063.263429562823,"Farming, Fishing, and Forestry",3042.0,44206.0,46155.0,0.1411865404279264,0.1323008419272917,0.161498370421749,0.1620288986392513
2026-08-01,45,239031,235089,27339.0,28612.710477708184,"Farming, Fishing, and Forestry",3046.0,44520.0,47884.0,0.208143861368465,0.1999069545327188,0.1546015234648589,0.1560795829659173
2021-01-01,47,3648286,3660769,,,Construction and Extraction,,,,0.2688282017052428,0.2507419344524424,0.202617364533213,0.1884285950678385
2021-02-01,47,3644853,3664903,,,Construction and Extraction,,,,0.1787226058552019,0.1904297435811382,0.2017200829081496,0.1881792452529992
2021-03-01,47,3654641,3670717,,,Construction and Extraction,,,,0.2198349577970307,0.1877904722099198,0.2181203181590021,0.1991114705350273
2021-04-01,47,3661074,3674453,,,Construction and Extraction,,,,0.2093008560211744,0.1888776156891039,0.2146822758330615,0.2024857468061716
2021-05-01,47,3682368,3677321,,,Construction and Extraction,,,,0.2592544965876183,0.1899552675301528,0.2018983617626577,0.1925355023699594
2021-06-01,47,3704707,3685202,,,Construction and Extraction,,,,0.2765820195609513,0.2047438117772678,0.2246146530594524,0.1989519526393637
2021-07-01,47,3711907,3689984,,,Construction and Extraction,,,,0.2052100983594061,0.1822475971045348,0.2144722576055877,0.1989197670990757
2021-08-01,47,3716570,3695354,,,Construction and Extraction,,,,0.2362240074683388,0.221365700280353,0.2183246827997965,0.2008880586222888
2021-09-01,47,3703141,3698842,,,Construction and Extraction,,,,0.2091179884424621,0.2527260842097339,0.2141015835579029,0.2027871460247302
2021-10-01,47,3707072,3703408,,,Construction and Extraction,,,,0.1996927412092753,0.1870294731418579,0.2129940025916704,0.1981928804205462
2021-11-01,47,3707593,3711503,,,Construction and Extraction,,,,0.1721976568016845,0.1705789051594538,0.232520976308255,0.2063487660677911
2021-12-01,47,3702537,3714256,,,Construction and Extraction,,,,0.1288403110474354,0.1452670083783101,0.2106838775759694,0.2017945576688717
2022-01-01,47,3705020,3716709,344967.0,378695.8219412034,Construction and Extraction,127488.0,49045.0,48864.0,0.2685555528553512,0.2611085555111614,0.2069098060887539,0.1989884418499816
2022-02-01,47,3702773,3721164,364123.0,383821.4258271513,Construction and Extraction,130738.0,48694.0,49163.0,0.19511454540196,0.2026332096078644,0.2184234147668982,0.2040572292388786
2022-03-01,47,3709730,3724135,399634.0,382162.0271158645,Construction and Extraction,165142.0,49180.0,50615.0,0.2130924563836263,0.190714978747108,0.2118249325007523,0.2022517106367432
2022-04-01,47,3713271,3725770,400377.0,386935.3010123285,Construction and Extraction,151372.0,50412.0,50627.0,0.1940017599330129,0.1828071319077675,0.2004856759241063,0.1952229911571097
2022-05-01,47,3737088,3732305,434576.0,390605.5377314293,Construction and Extraction,155954.0,50257.0,50409.0,0.2780565058407128,0.2017498568352915,0.2193772738669449,0.1983634463925955
2022-06-01,47,3757330,3738102,377040.0,343855.048366576,Construction and Extraction,167220.0,49814.0,51170.0,0.2606761769579723,0.1961683051611187,0.211709673299129,0.1931017679095187
2022-07-01,47,3763067,3742080,381901.0,360223.1615738991,Construction and Extraction,152336.0,49441.0,51438.0,0.1968786948497859,0.1789202152840028,0.2045510731927866,0.1917931114867062
2022-08-01,47,3766561,3746385,373650.0,364240.1910347222,Construction and Extraction,148582.0,51235.0,52033.0,0.2338169979420029,0.2227891684882674,0.215851378814477,0.2020618501123926
2022-09-01,47,3752628,3749940,354907.0,379131.3164702426,Construction and Extraction,139297.0,52946.0,52472.0,0.1967289451001016,0.2414043335508464,0.2009638280410341,0.1895880551051275
2022-10-01,47,3753941,3752289,364713.0,383712.005060303,Construction and Extraction,130069.0,53686.0,53253.0,0.1890754770210411,0.1852582786995798,0.2027289786127888,0.1952151445997158
2022-11-01,47,3752564,3756554,360345.0,388617.8098739962,Construction and Extraction,102817.0,53890.0,53055.0,0.154524962844463,0.1595864714606283,0.2079290618385824,0.1943057059770742
2022-12-01,47,3751631,3762054,349571.0,392566.4038004775,Construction and Extraction,91924.0,55400.0,52946.0,0.132870428969304,0.1360606255693636,0.2077217679654837,0.1901783308094346
2023-01-01,47,3754490,3765494,365946.0,394056.3397583561,Construction and Extraction,117588.0,55280.0,54197.0,0.2515075529172775,0.2425130086601951,0.1995080137220583,0.1885449806887735
2023-02-01,47,3752079,3768256,362267.0,378310.4176687294,Construction and Extraction,115175.0,55230.0,55668.0,0.1736856983394885,0.1815772137336244,0.1950442013243071,0.1862478432813745
2023-03-01,47,3759084,3772559,407111.0,382509.2887839472,Construction and Extraction,126930.0,55346.0,56649.0,0.1948152028816174,0.1726164446339168,0.193856554070265,0.1801744929048616
2023-04-01,47,3763378,3775140,409591.0,386979.6062258007,Construction and Extraction,124077.0,56147.0,55948.0,0.1821803072914609,0.1696599532502409,0.1887167901426354,0.1805098240043148
2023-05-01,47,3784530,3779770,391888.0,365195.9287050641,Construction and Extraction,138406.0,55208.0,55791.0,0.2505044669493496,0.1835596620729161,0.1968115786966137,0.1821145661081132
2023-06-01,47,3799950,3781443,394134.0,367539.9772088642,Construction and Extraction,131864.0,54995.0,56026.0,0.2328885279162133,0.1842201147691691,0.1879978643095886,0.1826890190220837
2023-07-01,47,3803010,3783530,370060.0,352985.6033835943,Construction and Extraction,112653.0,55338.0,56572.0,0.1853784378303742,0.1760014180920529,0.1914924703100506,0.1848742744806328
2023-08-01,47,3803186,3784121,375831.0,366334.8554193185,Construction and Extraction,128601.0,56155.0,56947.0,0.2030201010957016,0.2025010568610211,0.1855007998820143,0.1836270730579061
2023-09-01,47,3785177,3783867,371119.0,364846.083868538,Construction and Extraction,113202.0,56594.0,56705.0,0.1780357707036959,0.2352136964234665,0.1813698694330087,0.1821755884905515
2023-10-01,47,3785768,3785431,378196.0,378914.2824457162,Construction and Extraction,106367.0,58128.0,57796.0,0.1772311878741688,0.1756555444830925,0.1890961749753616,0.1841377563859889
2023-11-01,47,3783346,3787272,312219.0,337390.12550409907,Construction and Extraction,95419.0,58947.0,57648.0,0.1343569048476358,0.1423364953826107,0.1791110693687594,0.1732749192108517
2023-12-01,47,3777294,3786338,275682.0,313345.66246485227,Construction and Extraction,75712.0,60459.0,58858.0,0.1111440911684892,0.1305965776873897,0.173684281066222,0.17664655902124
2024-01-01,47,3777433,3787873,305783.0,330200.9821004765,Construction and Extraction,105302.0,59323.0,57341.0,0.212979273660977,0.2127523377248205,0.1744970458625145,0.1696342656753664
2024-02-01,47,3776168,3790026,301324.0,318720.58119426825,Construction and Extraction,99927.0,58380.0,58786.0,0.1547213498139174,0.1589236846734069,0.1750655694584699,0.1682503397270341
2024-03-01,47,3777703,3789337,344214.0,317035.515939889,Construction and Extraction,115619.0,58120.0,59284.0,0.1693595057399829,0.1653067716645001,0.1687824935030432,0.170961082407545
2024-04-01,47,3779305,3789454,329137.0,304926.72931421915,Construction and Extraction,123509.0,58385.0,58129.0,0.1640100723938208,0.1605291278082675,0.1700505883982342,0.1696851028247267
2024-05-01,47,3795371,3790476,320721.0,303564.4735129212,Construction and Extraction,124670.0,59108.0,60285.0,0.2146556499421019,0.1639014699121115,0.1670596268915314,0.1638268791618584
2024-06-01,47,3807872,3791569,310565.0,293141.0863620314,Construction and Extraction,113441.0,60762.0,61091.0,0.2016576280887932,0.162467871777007,0.1631977411631462,0.159735654731762
2024-07-01,47,3808210,3790702,312734.0,300837.291162402,Construction and Extraction,112565.0,59606.0,60645.0,0.1552696511102235,0.1545451970500287,0.1578006569433383,0.1605471727715548
2024-08-01,47,3807396,3790241,328390.0,325786.2482349485,Construction and Extraction,112180.0,60243.0,61115.0,0.1734604813421465,0.1765854325356816,0.1568774766541006,0.1583361269091157
2024-09-01,47,3789613,3789752,329900.0,324584.3397884822,Construction and Extraction,107088.0,64336.0,64645.0,0.148596908621328,0.2057232214691833,0.1531961910610876,0.1547414191573542
2024-10-01,47,3786757,3787546,338549.0,326926.87882349244,Construction and Extraction,115698.0,62244.0,62300.0,0.1393404516818856,0.1489955347915458,0.1484337845946514,0.1554237988339991
2024-11-01,47,3782425,3786038,288786.0,318421.17545842374,Construction and Extraction,88148.0,64829.0,63696.0,0.1119127391277517,0.1257837607261576,0.1490490432565639,0.153832452667376
2024-12-01,47,3776204,3783617,265006.0,305839.406056387,Construction and Extraction,74457.0,63046.0,61976.0,0.0970111910736651,0.1169617422801651,0.148660426515003,0.1563382949818759
2025-01-01,47,3772084,3781778,279252.0,296504.05894810567,Construction and Extraction,102714.0,63240.0,60338.0,0.1680689676491712,0.1823099398913197,0.1428161561180618,0.1486495229383179
2025-02-01,47,3766176,3777460,291071.0,305156.6583815624,Construction and Extraction,99208.0,61929.0,61893.0,0.1206493507823866,0.1396041307330089,0.1381556425305917,0.1518766799063685
2025-03-01,47,3763350,3772965,298987.0,275942.9170798868,Construction and Extraction,98281.0,60386.0,60803.0,0.1358147005387869,0.1452989121521529,0.1350750205808016,0.1493726422081076
2025-04-01,47,3760480,3768713,310765.0,284445.42348565377,Construction and Extraction,100513.0,61313.0,61493.0,0.1295967097161989,0.1404584870332304,0.1340784884435222,0.1476175710289086
2025-05-01,47,3769828,3764974,299285.0,288769.19712103385,Construction and Extraction,100312.0,60827.0,62308.0,0.1715162413305804,0.1419213940314772,0.1314360317519145,0.1433517578925772
2025-06-01,47,3775582,3761797,292394.0,281805.7607016851,Construction and Extraction,94408.0,61543.0,61735.0,0.1637077559849587,0.1464384248036796,0.1326819329880545,0.1428154190907026
2025-07-01,47,3771751,3756554,288768.0,284500.1175716267,Construction and Extraction,94377.0,62154.0,63232.0,0.1254079041012481,0.1381099072998677,0.1257886023074666,0.1425427485996477
2025-08-01,47,3765540,3750576,306170.0,303800.7349283765,Construction and Extraction,97668.0,62525.0,64163.0,0.1355576316453703,0.1561160207313445,0.1206559886793557,0.1397767668938633
2025-09-01,47,3746245,3747831,292429.0,285309.73169562663,Construction and Extraction,85822.0,63675.0,63920.0,0.1178441399607724,0.1800687203151532,0.122874754787095,0.1316689529319838
2025-10-01,47,3739866,3741655,280596.0,268708.46117054846,Construction and Extraction,88119.0,64477.0,64744.0,0.1098811696227475,0.1311804523750179,0.1169043588284435,0.1367097159129859
2025-11-01,47,3733853,3737040,252404.0,288584.1010497117,Construction and Extraction,65173.0,65884.0,64999.0,0.0832327912527107,0.1047321806956234,0.1122877935439052,0.127110128098737
2025-12-01,47,3726691,3732361,242256.0,291834.0090098546,Construction and Extraction,47430.0,65977.0,65395.0,0.0720262650260444,0.0969876955868933,0.1104230016236777,0.1254639861318149
2026-01-01,47,3719244,3728066,260896.0,278761.6454927928,Construction and Extraction,31317.0,68793.0,65203.0,0.1233910340695188,0.147651782878225,0.1088937223926812,0.1227195764602339
2026-02-01,47,3713712,3722341,273942.0,289775.5410838225,Construction and Extraction,34204.0,66154.0,65651.0,0.0883061139231296,0.1074479726859319,0.1019829751275839,0.1204382514226002
2026-03-01,47,3711229,3718741,309084.0,281731.450793555,Construction and Extraction,43321.0,66359.0,66458.0,0.1022765677759825,0.111320629796979,0.1021028601245628,0.1137216567624397
2026-04-01,47,3709254,3715574,314740.0,281333.9757508675,Construction and Extraction,46301.0,66176.0,67021.0,0.0945268575523081,0.10178869341894,0.0971041145086227,0.107332327349644
2026-05-01,47,3711351,3706842,312004.0,301417.02520242194,Construction and Extraction,37885.0,65196.0,67334.0,0.1162123898444982,0.1096987035371813,0.0855954190714635,0.1138604738178484
2026-06-01,47,3710480,3699560,318420.0,305548.56213121885,Construction and Extraction,46926.0,65858.0,65914.0,0.0977144985327846,0.101007555929022,0.07692337385985,0.1005432675872176
2026-07-01,47,3708984,3696243,326010.0,311400.7716443339,Construction and Extraction,40092.0,64901.0,66002.0,0.087826528682182,0.0937339698040607,0.086127600090679,0.0968974277590919
2026-08-01,47,3705828,3693127,298001.0,302030.33016290667,Construction and Extraction,39045.0,64276.0,67232.0,0.1125069172847965,0.1239205344197311,0.0989903998495556,0.1091133241920806
2021-01-01,49,4703974,4710960,,,"Installation, Maintenance, and Repair",,,,0.2799655114402302,0.2487661937667331,0.2148786623429966,0.1963440091996516
2021-02-01,49,4701284,4716114,,,"Installation, Maintenance, and Repair",,,,0.187463627663472,0.1954264292027725,0.2096632936763873,0.1965494059842788
2021-03-01,49,4712373,4724096,,,"Installation, Maintenance, and Repair",,,,0.2316207802196816,0.203840465628635,0.2340596716694704,0.2137858430938773
2021-04-01,49,4719663,4730827,,,"Installation, Maintenance, and Repair",,,,0.2178655110229637,0.1997303387485868,0.2305509739204332,0.2134748258484027
2021-05-01,49,4741409,4740154,,,"Installation, Maintenance, and Repair",,,,0.2679041733365888,0.2129875734592768,0.2345117120461578,0.2108992771269746
2021-06-01,49,4764519,4749497,,,"Installation, Maintenance, and Repair",,,,0.2833154735345395,0.225877528849816,0.2421851964860641,0.2185800945742094
2021-07-01,49,4772157,4757245,,,"Installation, Maintenance, and Repair",,,,0.2275970254065761,0.2085204226042799,0.2349914941389598,0.21544681940621
2021-08-01,49,4783145,4763260,,,"Installation, Maintenance, and Repair",,,,0.2819384324501253,0.2545061231193086,0.2444874364889436,0.2293338063676799
2021-09-01,49,4775056,4771927,,,"Installation, Maintenance, and Repair",,,,0.2369115850699017,0.2575682333898834,0.2411765499449983,0.2193804813009886
2021-10-01,49,4781139,4779590,,,"Installation, Maintenance, and Repair",,,,0.2368096248307343,0.2223998018331935,0.2409058397575091,0.2216676105138871
2021-11-01,49,4789085,4789650,,,"Installation, Maintenance, and Repair",,,,0.2213327458212999,0.2017636042537224,0.2689570402446261,0.2437540298011123
2021-12-01,49,4787803,4799466,,,"Installation, Maintenance, and Repair",,,,0.1608109094640708,0.1645638227955363,0.2467382733718342,0.2221939057225309
2022-01-01,49,4798526,4805744,865212.0,887734.2628757771,"Installation, Maintenance, and Repair",247138.0,49633.0,49673.0,0.3051905953273399,0.278534295421279,0.2377592079760652,0.2220852037272559
2022-02-01,49,4800460,4814560,879331.0,911833.3730950136,"Installation, Maintenance, and Repair",234572.0,50182.0,50497.0,0.2202074595576897,0.2157102551247989,0.2439948207304503,0.2220219702319446
2022-03-01,49,4810564,4821522,934212.0,901261.2524832876,"Installation, Maintenance, and Repair",280230.0,50478.0,51711.0,0.2401403108335758,0.2156616525155395,0.2430996384182703,0.2257715864238891
2022-04-01,49,4814703,4825408,893337.0,904721.4154970404,"Installation, Maintenance, and Repair",262773.0,50966.0,51385.0,0.2189732875920899,0.2092560366953759,0.2336660602974687,0.2240028180124651
2022-05-01,49,4836758,4833906,975330.0,942470.06740042,"Installation, Maintenance, and Repair",269506.0,52847.0,52120.0,0.2807299057487268,0.2260417194837918,0.2432547915283651,0.2221595270373425
2022-06-01,49,4857124,4841715,851089.0,814683.39728673,"Installation, Maintenance, and Repair",279321.0,51741.0,51900.0,0.2732757445618112,0.2230519729662931,0.2364934394375942,0.2171385213770457
2022-07-01,49,4862993,4847782,887150.0,849889.8909513203,"Installation, Maintenance, and Repair",279888.0,51302.0,52272.0,0.2241401358885931,0.2101028819050799,0.2311934571979377,0.2161724438444853
2022-08-01,49,4873144,4855306,885843.0,870426.1952350973,"Installation, Maintenance, and Repair",277446.0,53207.0,53404.0,0.2735514553111343,0.2487621910113409,0.2400123066015696,0.2214173142766257
2022-09-01,49,4861972,4860061,836546.0,879265.443190347,"Installation, Maintenance, and Repair",258217.0,53660.0,53681.0,0.2275925105584241,0.2552586242767459,0.2263433915524025,0.2146055917063541
2022-10-01,49,4866394,4865515,860658.0,887283.2975802614,"Installation, Maintenance, and Repair",240824.0,54522.0,54331.0,0.2254149649354345,0.2151022446907443,0.2290974345481254,0.2156442799652876
2022-11-01,49,4868850,4870977,862549.0,899297.363300784,"Installation, Maintenance, and Repair",211822.0,54325.0,54194.0,0.1846958387582426,0.1787382722412491,0.2266556692151608,0.2132012079984873
2022-12-01,49,4866221,4876505,847135.0,912448.9937193182,"Installation, Maintenance, and Repair",202168.0,54555.0,53766.0,0.1466301987251791,0.1534151644484294,0.2196780053576941,0.2060741735534884
2023-01-01,49,4874040,4881392,895185.0,911745.286197869,"Installation, Maintenance, and Repair",253484.0,55277.0,54490.0,0.2773148985941888,0.258796333314754,0.2207808062226459,0.2087686094334317
2023-02-01,49,4875181,4887954,863043.0,886472.6574174177,"Installation, Maintenance, and Repair",238144.0,55079.0,55229.0,0.1962884442921044,0.1940889406067582,0.2189299287976952,0.2028202823977077
2023-03-01,49,4882526,4893249,954382.0,913897.837454706,"Installation, Maintenance, and Repair",263432.0,55197.0,55926.0,0.2124161057048386,0.1947683584493164,0.2148024304165139,0.2018161212692129
2023-04-01,49,4886712,4896678,932217.0,916838.4270116868,"Installation, Maintenance, and Repair",252014.0,56229.0,56578.0,0.1984933189377943,0.1892233245781541,0.2116992786492326,0.2032920635090097
2023-05-01,49,4907465,4903812,884983.0,874664.439765254,"Installation, Maintenance, and Repair",294450.0,55638.0,55537.0,0.2568560957070553,0.2063806247303692,0.2208023656209103,0.2033445075713085
2023-06-01,49,4926137,4910760,919646.0,889479.1396870902,"Installation, Maintenance, and Repair",280919.0,55446.0,55644.0,0.2471220671546803,0.2021748001131721,0.2148695811613045,0.1978938441146052
2023-07-01,49,4930458,4915267,882291.0,846830.7889319736,"Installation, Maintenance, and Repair",251311.0,55774.0,56607.0,0.2055529371656747,0.1960730007353434,0.2107867349373529,0.1997834953309619
2023-08-01,49,4932175,4915354,902395.0,879504.6287463857,"Installation, Maintenance, and Repair",279033.0,56088.0,56356.0,0.2320885547246255,0.2280941930758199,0.2047827864936672,0.2045708779081635
2023-09-01,49,4918567,4917688,894590.0,876955.858637426,"Installation, Maintenance, and Repair",244945.0,57223.0,57272.0,0.2052887888577115,0.2390532220561267,0.2029693077483873,0.197274858861975
2023-10-01,49,4922529,4922468,942336.0,940441.068418773,"Installation, Maintenance, and Repair",247698.0,57216.0,57305.0,0.207111831490645,0.1975659333878885,0.2101171223027402,0.1984652991716682
2023-11-01,49,4921637,4924555,816145.0,860650.7846566539,"Installation, Maintenance, and Repair",242215.0,57396.0,57163.0,0.1627496696686846,0.1656484930790413,0.2002424731643516,0.1951571416818227
2023-12-01,49,4917568,4926655,750774.0,813397.2273876764,"Installation, Maintenance, and Repair",192766.0,57409.0,57089.0,0.1302763079737888,0.1409591709615169,0.1915918531572667,0.186474318944401
2024-01-01,49,4921660,4929779,841719.0,867201.1733525649,"Installation, Maintenance, and Repair",277752.0,57606.0,55537.0,0.2363061358728206,0.2270820497885976,0.1935149927587937,0.1859106772077117
2024-02-01,49,4918640,4930598,788085.0,822056.5331060898,"Installation, Maintenance, and Repair",239496.0,57304.0,57198.0,0.1676504270453587,0.1753183075958003,0.1870050771254907,0.18501389190578
2024-03-01,49,4920385,4930222,888787.0,840791.6094804251,"Installation, Maintenance, and Repair",249126.0,57380.0,57594.0,0.1765282715020354,0.1726545684310727,0.1764812342964005,0.1773995590248028
2024-04-01,49,4923677,4932672,840267.0,804792.0703672939,"Installation, Maintenance, and Repair",285712.0,57786.0,58106.0,0.1875303219052221,0.1802882743688524,0.1988125361690777,0.192849310375644
2024-05-01,49,4936841,4932223,809171.0,795989.0761917082,"Installation, Maintenance, and Repair",291460.0,58584.0,59178.0,0.2166960455391469,0.1847555370646499,0.1843783202235424,0.1854735707527762
2024-06-01,49,4948133,4932647,811777.0,786992.879309167,"Installation, Maintenance, and Repair",258521.0,58292.0,58466.0,0.2102687314953231,0.1829780167297039,0.1814354983328653,0.1804029413474248
2024-07-01,49,4948695,4933684,832699.0,799820.7460376259,"Installation, Maintenance, and Repair",271237.0,58763.0,59380.0,0.1803960353043907,0.1796870166250578,0.1854523296735709,0.1829290007409199
2024-08-01,49,4947193,4932053,878168.0,856001.5827250996,"Installation, Maintenance, and Repair",255508.0,58645.0,58957.0,0.1953973418896673,0.1994094537185465,0.1741292787655271,0.1780985900203541
2024-09-01,49,4931751,4932099,852779.0,837663.1862389671,"Installation, Maintenance, and Repair",229981.0,58644.0,58761.0,0.1792611276466102,0.2171921422341922,0.176149846751441,0.1760381664192301
2024-10-01,49,4928793,4929471,841213.0,829694.174810532,"Installation, Maintenance, and Repair",261522.0,59259.0,59905.0,0.1669778810843468,0.1745132420479792,0.1691587453428496,0.1755547544560923
2024-11-01,49,4925260,4928748,742622.0,809614.0616518247,"Installation, Maintenance, and Repair",203229.0,59423.0,59392.0,0.1389437719264659,0.1477396612583461,0.171598584179992,0.1733596416057224
2024-12-01,49,4920582,4928340,676888.0,742473.6294800912,"Installation, Maintenance, and Repair",187072.0,59068.0,59093.0,0.1206993939020881,0.1324805448512989,0.172982255257397,0.1739764025598042
2025-01-01,49,4918802,4927448,719271.0,735685.9329098789,"Installation, Maintenance, and Repair",242936.0,59361.0,56883.0,0.1975102664241607,0.2021244531840627,0.1658759460719697,0.1680464398939339
2025-02-01,49,4914832,4925889,725083.0,752549.9773686783,"Installation, Maintenance, and Repair",229995.0,59246.0,59027.0,0.1495281853427543,0.159303356408609,0.1661347546917021,0.169935100194015
2025-03-01,49,4914893,4923813,720843.0,689571.1678859628,"Installation, Maintenance, and Repair",205282.0,58660.0,58209.0,0.1637474962181776,0.1638006371672498,0.1620957280456996,0.1671572442219501
2025-04-01,49,4912671,4920531,737482.0,699177.9282590516,"Installation, Maintenance, and Repair",219591.0,58770.0,59161.0,0.1510922771534737,0.1582050238706918,0.1598325023701749,0.1678376683558852
2025-05-01,49,4922881,4917405,719048.0,706295.1745745467,"Installation, Maintenance, and Repair",205626.0,58656.0,59789.0,0.1880379476730616,0.1633674177096089,0.158864265353055,0.1664910180933511
2025-06-01,49,4929065,4913701,719786.0,705382.7024147394,"Installation, Maintenance, and Repair",214246.0,59594.0,60160.0,0.1883031559212384,0.1741685612341396,0.1625256681661582,0.1715709604977233
2025-07-01,49,4926138,4911447,722325.0,704595.6584359087,"Installation, Maintenance, and Repair",220512.0,59783.0,59935.0,0.1527073632289273,0.1605028958503363,0.1579979899395021,0.1635017064084544
2025-08-01,49,4920161,4906923,734099.0,712487.8280043557,"Installation, Maintenance, and Repair",214278.0,61372.0,61342.0,0.1691532935657445,0.1843648815463686,0.1527208715624698,0.1637850746044442
2025-09-01,49,4903975,4905537,697560.0,704476.855756967,"Installation, Maintenance, and Repair",187754.0,61304.0,61489.0,0.1585163304625694,0.1990370752239181,0.1549729277339953,0.1583633179828619
2025-10-01,49,4898712,4900112,687238.0,678254.9852174326,"Installation, Maintenance, and Repair",192902.0,60943.0,62165.0,0.1509133203943718,0.164225911767133,0.1527613024931501,0.166047305075205
2025-11-01,49,4893759,4897694,639350.0,721300.3808384037,"Installation, Maintenance, and Repair",147217.0,61448.0,61970.0,0.1202410285441849,0.132639950724643,0.1492105530832899,0.1551362910557883
2025-12-01,49,4886926,4893293,641045.0,725931.5533346268,"Installation, Maintenance, and Repair",108850.0,61679.0,62171.0,0.105337899220073,0.122641024015657,0.1478651205797993,0.1586589975592349
2026-01-01,49,4882087,4891198,688733.0,704832.6378956953,"Installation, Maintenance, and Repair",74833.0,63934.0,60825.0,0.1729472293674902,0.1856388690527304,0.1501433748392822,0.1552844093949763
2026-02-01,49,4876770,4886873,697086.0,723078.0543281813,"Installation, Maintenance, and Repair",73205.0,63498.0,62936.0,0.1297485154602364,0.1429754505821113,0.143434388900103,0.1540538360479006
2026-03-01,49,4876727,4884619,735611.0,705445.7892538693,"Installation, Maintenance, and Repair",82292.0,63749.0,62794.0,0.145989363386659,0.1467061441381235,0.1434626724521862,0.14900096469753
2026-04-01,49,4876124,4882870,749541.0,699410.3191754194,"Installation, Maintenance, and Repair",77762.0,63000.0,63632.0,0.133868871215116,0.1360660892055554,0.1403248516469895,0.1446232985643361
2026-05-01,49,4882353,4876225,764676.0,738503.4893464915,"Installation, Maintenance, and Repair",74479.0,62089.0,63871.0,0.1564306366526407,0.1413111457628601,0.1303367566633333,0.1466888114877436
2026-06-01,49,4886353,4871452,770131.0,746420.261017252,"Installation, Maintenance, and Repair",85618.0,62348.0,63268.0,0.1530963602248085,0.1434470918479691,0.1307475793894673,0.1425067063700145
2026-07-01,49,4882642,4868498,799357.0,757556.0186731666,"Installation, Maintenance, and Repair",85371.0,63180.0,63292.0,0.1225416252744774,0.1323753168536464,0.1275751886507238,0.1348584199709582
2026-08-01,49,4878554,4867434,745015.0,731616.6807976783,"Installation, Maintenance, and Repair",91541.0,64229.0,63838.0,0.147885206126591,0.1584688036275623,0.1353201785025448,0.1379427078525232
2021-01-01,51,4774671,4781973,,,Production,,,,0.2941110440291297,0.2595502009260678,0.2383911233041259,0.213259786838857
2021-02-01,51,4773150,4790434,,,Production,,,,0.2127985727804833,0.2167579729713779,0.241090739262145,0.2198971750614067
2021-03-01,51,4786739,4799268,,,Production,,,,0.2437659513221315,0.2099323549748678,0.2494258746949754,0.2273379439697457
2021-04-01,51,4792564,4807026,,,Production,,,,0.2262652526500184,0.2118995149473676,0.2477679653347002,0.228397853200015
2021-05-01,51,4819656,4817737,,,Production,,,,0.2981047591911366,0.231114903515427,0.251600866889727,0.2249220635264489
2021-06-01,51,4848772,4829496,,,Production,,,,0.3196390575716533,0.2479949967915445,0.2693829235471187,0.2401685532756304
2021-07-01,51,4856117,4837118,,,Production,,,,0.2439142270455863,0.2261992013512235,0.250299699516266,0.2313911899916147
2021-08-01,51,4868831,4846607,,,Production,,,,0.3058449744456822,0.2748860705619536,0.2650800980386449,0.2415818822027112
2021-09-01,51,4854135,4854291,,,Production,,,,0.257710471897134,0.2944705721845753,0.2523816458046991,0.2333900682114687
2021-10-01,51,4865802,4865343,,,Production,,,,0.2526224758289742,0.2241744344929646,0.2551861484984745,0.2279207905123597
2021-11-01,51,4874648,4876951,,,Production,,,,0.2237676855573599,0.202501141391771,0.2730115718503376,0.2444498772560639
2021-12-01,51,4873668,4884331,,,Production,,,,0.1625480489576087,0.1651903835310615,0.2489702085356458,0.2308377690973547
2022-01-01,51,4884771,4892450,834676.0,872412.2969828343,Production,290737.0,39661.0,39641.0,0.3001468218152825,0.2729422876064801,0.2471662157594501,0.2272535990395148
2022-02-01,51,4886360,4902347,847102.0,913874.9642146638,Production,284758.0,39517.0,40210.0,0.2255521748175956,0.2221175386003872,0.2529297329420616,0.2287051682577529
2022-03-01,51,4900380,4911610,900414.0,902995.8784755912,Production,349715.0,39610.0,40874.0,0.2473980726743974,0.2133701265180323,0.2545349742576672,0.2319023980372339
2022-04-01,51,4906896,4919007,898858.0,896050.5754162201,Production,324545.0,40468.0,40728.0,0.2190161817733442,0.2031568934251299,0.2397603176444879,0.2217175380183802
2022-05-01,51,4932803,4929264,1010272.0,980855.6320659504,Production,265221.0,41378.0,40848.0,0.2918900262427957,0.2290362914479425,0.2459644087181156,0.2209933779732602
2022-06-01,51,4956173,4937729,835755.0,806318.364515886,Production,319929.0,40472.0,41236.0,0.2872581859394482,0.2308255124907341,0.2410408414163619,0.2204673632606012
2022-07-01,51,4962278,4944466,823754.0,828668.9352212893,Production,232913.0,40143.0,40038.0,0.2235815072505644,0.2088777398209605,0.2298885690613945,0.2135374196191175
2022-08-01,51,4971874,4952496,838382.0,823810.0354682892,Production,317745.0,40035.0,41200.0,0.2773261724273865,0.254775942542096,0.2413434521426675,0.2218847381717999
2022-09-01,51,4953192,4955044,813003.0,840693.2273571382,Production,301864.0,41358.0,41402.0,0.2257833644286868,0.2713758490059575,0.2193217543199031,0.2131532011798561
2022-10-01,51,4958950,4958964,831876.0,833649.4447905617,Production,290192.0,41950.0,42062.0,0.2258725485949366,0.212048836949449,0.2276461564610654,0.2181614616135923
2022-11-01,51,4959714,4962009,820344.0,833639.3629867778,Production,241862.0,41785.0,41588.0,0.1749062100037403,0.1732732147853111,0.2160632498508356,0.208698636558943
2022-12-01,51,4953498,4962755,807094.0,834383.0561965151,Production,176008.0,42124.0,40967.0,0.1364643248787307,0.151966627526069,0.210551906163595,0.2087476598062595
2023-01-01,51,4956078,4964103,834763.0,867378.3462835384,Production,264278.0,42531.0,41810.0,0.2584896670046876,0.2523205630319528,0.2148893255115472,0.2116297245013724
2023-02-01,51,4950015,4964640,779945.0,823385.561767868,Production,240235.0,42648.0,43218.0,0.1852688618565689,0.2000350837532322,0.207759298308073,0.2064602625800917
2023-03-01,51,4953168,4963486,838554.0,817995.7680525834,Production,248411.0,42760.0,43723.0,0.1957998031734374,0.1886030928996688,0.2006530141194028,0.2034436370098949
2023-04-01,51,4952108,4961924,827393.0,800788.4629595667,Production,249611.0,43452.0,43288.0,0.1795120136963865,0.1828747210249704,0.1958341112438953,0.1996096339491145
2023-05-01,51,4966962,4962395,761515.0,744375.3584856222,Production,289525.0,43034.0,43088.0,0.2412795573902277,0.2063170625116838,0.2023559763798902,0.2012160616737851
2023-06-01,51,4980207,4963362,762887.0,739022.7091024551,Production,268134.0,43101.0,43486.0,0.2344235232612131,0.2026150713148752,0.1969514721659987,0.1946147528012858
2023-07-01,51,4978558,4962282,700865.0,694283.9061610239,Production,219480.0,43089.0,42924.0,0.187216479135715,0.1914761859297019,0.1932085079045485,0.1958207461724966
2023-08-01,51,4977022,4959917,717952.0,698120.3599039582,Production,249054.0,43201.0,43916.0,0.2200799631970645,0.2238551935971602,0.1898768103156824,0.1956003410305659
2023-09-01,51,4955330,4957721,714920.0,705285.9459781111,Production,219292.0,43473.0,43520.0,0.1916646973448567,0.2445153004367034,0.1849118558696062,0.1902288798150906
2023-10-01,51,4954803,4955703,735362.0,721202.090995173,Production,219063.0,43648.0,43679.0,0.1881856170868375,0.1901139695419658,0.1902642096510569,0.1951488154261806
2023-11-01,51,4951096,4953460,622045.0,646058.0691347958,Production,184291.0,43921.0,43795.0,0.1455834003110131,0.1547816273453335,0.179517780479047,0.1849528587039084
2023-12-01,51,4944587,4952349,550283.0,587378.5060554636,Production,134644.0,44764.0,44278.0,0.1157743710404114,0.1315750238240812,0.1768860824960487,0.1795758548333137
2024-01-01,51,4940604,4948751,607068.0,630641.7970523662,Production,185965.0,45320.0,43336.0,0.2046058397436461,0.2143830281495384,0.1723863902945357,0.1811118105289609
2024-02-01,51,4933439,4946494,577592.0,606457.2401496267,Production,179410.0,44912.0,45481.0,0.1546341006998686,0.1729258203349219,0.1735538528242129,0.1790315142930339
2024-03-01,51,4933691,4942696,644731.0,616091.6539412171,Production,217485.0,44673.0,45326.0,0.1570884535102733,0.1567552989933843,0.1600929737258402,0.169314050166683
2024-04-01,51,4932851,4940877,643457.0,608718.6686737861,Production,236442.0,45064.0,44880.0,0.1620777699346398,0.164463677552316,0.1746108829305718,0.1790271902165145
2024-05-01,51,4941629,4936250,611208.0,594476.8866808763,Production,227468.0,45319.0,45990.0,0.2002461905549509,0.1794733589105788,0.1670921592206079,0.1783415893994727
2024-06-01,51,4945133,4929419,599813.0,584304.1710870691,Production,212962.0,46141.0,46066.0,0.1909175701919514,0.1825423173046728,0.1616875716282876,0.1783196935352297
2024-07-01,51,4940343,4925667,605958.0,594217.5846401498,Production,214796.0,45677.0,46078.0,0.1554781815594292,0.1673700313067291,0.1621068407009532,0.1712463167707142
2024-08-01,51,4935999,4921423,620384.0,607105.3977156883,Production,206902.0,46055.0,46345.0,0.1821711632122608,0.1928980123818055,0.1544624083269486,0.164810007372475
2024-09-01,51,4915688,4918965,600932.0,599418.6549126665,Production,186845.0,46646.0,46885.0,0.1634307434225102,0.2130428673265104,0.1573192131320526,0.1633147723931814
2024-10-01,51,4910818,4912637,606315.0,586288.9106186263,Production,211687.0,46271.0,46649.0,0.1476145196577535,0.1597423440143894,0.149313308671702,0.1647698158252537
2024-11-01,51,4905144,4907708,527551.0,565927.4482142349,Production,156443.0,47086.0,46913.0,0.1213879517519831,0.135612222699259,0.1489297772417518,0.160984262790076
2024-12-01,51,4895795,4902001,481280.0,528586.84987801,Production,141781.0,46653.0,46537.0,0.0959458996996776,0.1189696406532535,0.1461581884406601,0.1601277879596876
2025-01-01,51,4888888,4896879,514728.0,530502.460360255,Production,195809.0,46970.0,44433.0,0.1679394354672963,0.1852960858231252,0.144584095576457,0.1571352595476978
2025-02-01,51,4879335,4890539,528103.0,551412.9260246682,Production,184236.0,46906.0,46669.0,0.1259984813246829,0.1496554407012509,0.1412580097744276,0.1568163338511802
2025-03-01,51,4878286,4885867,546735.0,519621.465746041,Production,179734.0,46018.0,46232.0,0.1389188139085419,0.1415573835805329,0.1413354677106401,0.1528092846348467
2025-04-01,51,4874800,4880914,569736.0,533520.0420900714,Production,180951.0,46014.0,46223.0,0.1297405829618074,0.1391652659638879,0.138479636316501,0.1506567643786767
2025-05-01,51,4880861,4874684,551636.0,534115.3954086807,Production,180940.0,45807.0,47102.0,0.1621523427130748,0.147317108884676,0.1341499918805936,0.1494879628615485
2025-06-01,51,4884200,4869837,531200.0,519660.4085992762,Production,167793.0,46147.0,46400.0,0.1633964859501876,0.1553610705824649,0.1410604034731503,0.1530017635118765
2025-07-01,51,4878114,4865256,553801.0,541351.0245166937,Production,161702.0,46770.0,47040.0,0.1253868020411694,0.1403612562124933,0.1326504916634873,0.1439461549517512
2025-08-01,51,4871168,4859304,565815.0,550913.1532190376,Production,161615.0,47516.0,48115.0,0.1533394042528935,0.1709991017555103,0.1279275683706036,0.1426292581771086
2025-09-01,51,4849859,4854025,517503.0,532106.8663920682,Production,141439.0,47573.0,47692.0,0.1329636386951949,0.1858279133531355,0.1274853270360374,0.1405349706473756
2025-10-01,51,4844129,4846792,505233.0,494444.756551777,Production,159120.0,47550.0,48359.0,0.123364759216695,0.137575122124575,0.1250927357370549,0.1430051172360708
2025-11-01,51,4839635,4842337,462178.0,522578.3836087097,Production,118724.0,48703.0,48560.0,0.1011952118439194,0.1130170085872362,0.1227607311161974,0.13379873084229
2025-12-01,51,4831968,4836599,456960.0,527851.8510993173,Production,88985.0,48825.0,48744.0,0.0841308461857246,0.1031804859662824,0.125210088844033,0.139447384798713
2026-01-01,51,4825618,4833360,496757.0,515317.6349961605,Production,60289.0,49826.0,46937.0,0.135985718843997,0.1520266648802973,0.120317445977599,0.1283549920398197
2026-02-01,51,4817693,4827070,511331.0,534397.7011189949,Production,69931.0,49641.0,48815.0,0.100463760761813,0.1202943232717736,0.1123441088478546,0.1279819818983239
2026-03-01,51,4815489,4821660,549042.0,513706.3664932664,Production,81223.0,49345.0,49280.0,0.108473893706916,0.11430357482071,0.1103118884135806,0.1237714955698273
2026-04-01,51,4812835,4817158,559085.0,514119.5211615893,Production,82312.0,48876.0,49732.0,0.1026904671738221,0.1096456183280338,0.1079485167737033,0.1191648200978151
2026-05-01,51,4815359,4808576,572511.0,548249.544804908,Production,82319.0,47830.0,49882.0,0.1224742388106135,0.116393110084249,0.0997128707407355,0.1211294896205394
2026-06-01,51,4814371,4801513,576425.0,557149.6726557391,Production,83936.0,48433.0,48807.0,0.1129973906967166,0.1155408582537118,0.0982992896118739,0.1159500509309894
2026-07-01,51,4807502,4796484,604398.0,565936.6922144815,Production,80432.0,48472.0,48544.0,0.0902620884465118,0.1076798701779155,0.09743989070097,0.1100200891894563
2026-08-01,51,4801123,4791991,566837.0,552922.9150381972,Production,89152.0,47981.0,49072.0,0.1210626395312857,0.1374615628420465,0.0991322079918047,0.1103821082492381
2021-01-01,53,8569206,8561980,,,Transportation and Material Moving,,,,0.3079382987851449,0.2882608075080933,0.2608465353088832,0.2269255794237335
2021-02-01,53,8543256,8581540,,,Transportation and Material Moving,,,,0.2092416865939759,0.2459286676749452,0.2613736166332234,0.2340216747931426
2021-03-01,53,8562410,8597776,,,Transportation and Material Moving,,,,0.2490219945455835,0.2224474961338888,0.2665831296623085,0.2439215906033139
2021-04-01,53,8576633,8614681,,,Transportation and Material Moving,,,,0.2371561956310503,0.2174883842663693,0.2649312844807689,0.2413822506698951
2021-05-01,53,8624720,8633990,,,Transportation and Material Moving,,,,0.3190573632320779,0.2523680482804295,0.2776234926069292,0.2507876228379958
2021-06-01,53,8685321,8662284,,,Transportation and Material Moving,,,,0.3382759298309612,0.2548482796597597,0.2853950558373175,0.2461957241426848
2021-07-01,53,8705038,8680853,,,Transportation and Material Moving,,,,0.2544166329013239,0.227522065539823,0.2672239613858119,0.2415563707690862
2021-08-01,53,8735074,8698659,,,Transportation and Material Moving,,,,0.3250018570061612,0.2838092439855883,0.2774267037160008,0.2528615114217004
2021-09-01,53,8704179,8715560,,,Transportation and Material Moving,,,,0.2784119904461436,0.3210227552085956,0.2794448147302272,0.2561747075345728
2021-10-01,53,8738013,8734615,,,Transportation and Material Moving,,,,0.2849578464242762,0.2384971166806983,0.2674405512542573,0.2412627405978156
2021-11-01,53,8774426,8755101,,,Transportation and Material Moving,,,,0.2636370735710783,0.2139795709054134,0.2860880238792699,0.2580085664879877
2021-12-01,53,8783963,8771462,,,Transportation and Material Moving,,,,0.1935137795587629,0.1804877206480632,0.2678629228638318,0.2454795603739833
2022-01-01,53,8792001,8788603,1648170.0,1655744.771135786,Transportation and Material Moving,413861.0,54643.0,55506.0,0.3088128483231869,0.2979786581702797,0.2627589280351295,0.2393525452007297
2022-02-01,53,8777284,8811725,1649209.0,1638742.4159477768,Transportation and Material Moving,376006.0,54926.0,55705.0,0.2249098333157607,0.2451043993245848,0.2741763537783876,0.2426893014619829
2022-03-01,53,8791340,8822922,1793245.0,1613687.1871611727,Transportation and Material Moving,455405.0,55040.0,56672.0,0.2379455046748415,0.2187725006688033,0.2564755408988592,0.2412457227872746
2022-04-01,53,8798341,8832173,1653499.0,1604385.812273648,Transportation and Material Moving,391946.0,54739.0,55323.0,0.2192883195711392,0.2097737426648507,0.2470802010145357,0.2345099645854853
2022-05-01,53,8838182,8843751,1761346.0,1534436.1281615528,Transportation and Material Moving,343499.0,56042.0,55890.0,0.2918716212321456,0.2377851541320222,0.2487437444223001,0.2330333834931337
2022-06-01,53,8877196,8853495,1495828.0,1466005.8986363693,Transportation and Material Moving,424330.0,56026.0,55660.0,0.2909154762002234,0.2382125459834826,0.2444281321357447,0.2312186896592969
2022-07-01,53,8888574,8863551,1542819.0,1538128.2171178183,Transportation and Material Moving,470844.0,58935.0,56850.0,0.225349224976435,0.2100428875085971,0.2371594026732322,0.2235444677658674
2022-08-01,53,8905320,8872165,1585584.0,1609871.384282467,Transportation and Material Moving,524227.0,59059.0,57519.0,0.2799477805002791,0.2575549751936534,0.2396457279393084,0.2279953500974118
2022-09-01,53,8867501,8880280,1376565.0,1594534.9060093714,Transportation and Material Moving,394186.0,54811.0,57087.0,0.2326294484686742,0.283916365547395,0.2328285072800979,0.2218612709336721
2022-10-01,53,8889110,8887121,1409227.0,1587292.702397738,Transportation and Material Moving,390294.0,57338.0,58156.0,0.2449747109374126,0.2159743823107571,0.2291490772561288,0.219913103180831
2022-11-01,53,8910644,8894794,1653462.0,1637728.7239253223,Transportation and Material Moving,354790.0,56442.0,58168.0,0.2104206229076598,0.1814782210598519,0.229199633386966,0.2188477966674987
2022-12-01,53,8909442,8900033,1552926.0,1659668.295222433,Transportation and Material Moving,321776.0,61962.0,58488.0,0.1597173133783066,0.161391194506051,0.2222413233941367,0.2151771613676657
2023-01-01,53,8900248,8901810,1677967.0,1700535.368550251,Transportation and Material Moving,358105.0,59926.0,60466.0,0.2531026652816943,0.2655994407053712,0.217967758831615,0.2155718814310616
2023-02-01,53,8880041,8910905,1831295.0,1799562.5479986544,Transportation and Material Moving,327393.0,58952.0,59678.0,0.1788649692939928,0.2062049550746503,0.2192490777192862,0.2070020658699727
2023-03-01,53,8887353,8915332,2029860.0,1793700.5609270209,Transportation and Material Moving,405544.0,56429.0,57904.0,0.1979752676717137,0.1881869975321187,0.2138164528224176,0.2078560476064608
2023-04-01,53,8887337,8915622,1753727.0,1657517.3819371767,Transportation and Material Moving,377713.0,59033.0,59091.0,0.1845501332737815,0.1850601092087783,0.2092645503523972,0.2088736045556347
2023-05-01,53,8918916,8919401,1714774.0,1576481.793828993,Transportation and Material Moving,380312.0,60282.0,60283.0,0.2553981995673549,0.2129226264084323,0.2122697962245879,0.2071865954962178
2023-06-01,53,8945461,8921958,1544707.0,1548547.295096433,Transportation and Material Moving,344690.0,59261.0,58056.0,0.2458172685089573,0.2103343083264959,0.2072344888811222,0.2037955831365233
2023-07-01,53,8944767,8920646,1520282.0,1505390.9471806283,Transportation and Material Moving,285581.0,56754.0,54802.0,0.1909609698794154,0.1919345801199576,0.2024838323712177,0.2042486355122287
2023-08-01,53,8935428,8905185,1422314.0,1414242.954087877,Transportation and Material Moving,344728.0,57983.0,57946.0,0.2400028400691908,0.2525506090418449,0.2040575118304291,0.2248903992990177
2023-09-01,53,8897411,8911518,1352795.0,1398356.6948881245,Transportation and Material Moving,317469.0,59184.0,60328.0,0.1978092403808977,0.2490918314316109,0.1995590293371834,0.191031239946546
2023-10-01,53,8910429,8911072,1485030.0,1579316.985606328,Transportation and Material Moving,338016.0,60239.0,60879.0,0.2103153477355072,0.1928576034061115,0.1963130897669471,0.1969132019205319
2023-11-01,53,8921797,8909166,1334941.0,1344120.9922840332,Transportation and Material Moving,379714.0,65651.0,67097.0,0.1752304390143375,0.1601970300996129,0.1881883964974239,0.1907549489645381
2023-12-01,53,8916305,8908498,1101433.0,1197596.2464795257,Transportation and Material Moving,258124.0,63397.0,62274.0,0.1312300263184245,0.1388624561561169,0.1811399584372645,0.1820401375798388
2024-01-01,53,8900010,8904708,1160526.0,1204150.337672163,Transportation and Material Moving,327438.0,63479.0,63927.0,0.2025296074406512,0.2245305936914278,0.1795514618712645,0.1846582944120841
2024-02-01,53,8878851,8906727,1131127.0,1146631.9691879444,Transportation and Material Moving,320929.0,64947.0,65756.0,0.1473424209219314,0.1759432343139958,0.1803623775568637,0.1776412905840487
2024-03-01,53,8882574,8906860,1304561.0,1168216.2513062966,Transportation and Material Moving,336731.0,61902.0,63094.0,0.1646451176592616,0.1598524862488968,0.1784367998523786,0.1782591807868437
2024-04-01,53,8881660,8905718,1387239.0,1270995.9298940874,Transportation and Material Moving,415600.0,63314.0,63096.0,0.1620776951916473,0.1635185913326236,0.1827633732989022,0.1843010518645318
2024-05-01,53,8906026,8902050,1271678.0,1216644.020395314,Transportation and Material Moving,430063.0,64337.0,63779.0,0.2151512677503383,0.1824150353942429,0.1732875594413293,0.1782328794300318
2024-06-01,53,8923723,8899966,1323568.0,1341473.8233364047,Transportation and Material Moving,406599.0,70980.0,69326.0,0.2030984498644255,0.1793933394283604,0.1727123750444174,0.1755205137176878
2024-07-01,53,8921349,8897819,1433178.0,1424178.4167597303,Transportation and Material Moving,427810.0,66478.0,64182.0,0.1605733455492909,0.1637753278188078,0.1724502287353709,0.1753476170522242
2024-08-01,53,8921006,8893521,1541889.0,1538028.9238908554,Transportation and Material Moving,355954.0,60414.0,61619.0,0.1926775868825661,0.1931485161909979,0.1640859031066728,0.1698846980095145
2024-09-01,53,8878108,8893716,1508990.0,1524079.4248268204,Transportation and Material Moving,371130.0,63420.0,63872.0,0.1606624631937164,0.2187638250298333,0.1637573280068466,0.1634939432891956
2024-10-01,53,8885152,8888748,1541798.0,1559998.7369397536,Transportation and Material Moving,394735.0,61387.0,61794.0,0.1709351289921528,0.1614996365476609,0.1588229810188234,0.1655282898035102
2024-11-01,53,8893433,8884219,1326177.0,1346341.4325600709,Transportation and Material Moving,338557.0,65920.0,67652.0,0.1483000169262042,0.1371272122410178,0.1566353522162835,0.1627539235739723
2024-12-01,53,8888910,8882686,1148976.0,1225036.0254942211,Transportation and Material Moving,279915.0,65715.0,66380.0,0.117051001260756,0.1231767590335256,0.1582039545488809,0.1602757261508721
2025-01-01,53,8866623,8874180,1275395.0,1306464.4250079093,Transportation and Material Moving,378834.0,67137.0,66547.0,0.1620706744748037,0.1922360698246237,0.1481679942923353,0.1596705127359112
2025-02-01,53,8837319,8861780,1305652.0,1296691.950506027,Transportation and Material Moving,364287.0,64971.0,64326.0,0.1196771546453444,0.1595889671904954,0.1458039781664891,0.1625956661902695
2025-03-01,53,8831948,8852431,1389531.0,1310784.0770445566,Transportation and Material Moving,322668.0,66474.0,66988.0,0.1274955224600738,0.1347943695588025,0.1389467312361719,0.1516202929318651
2025-04-01,53,8825667,8845444,1375757.0,1322306.5053349452,Transportation and Material Moving,334256.0,66213.0,67474.0,0.1264833501013852,0.1351202649022316,0.1427505594888634,0.1522277078685025
2025-05-01,53,8843018,8834579,1286642.0,1302580.8813214705,Transportation and Material Moving,312412.0,68570.0,68776.0,0.1736798869647876,0.1502383031385258,0.1340549047427491,0.1488147834969511
2025-06-01,53,8850988,8827283,1119761.0,1146284.1955111043,Transportation and Material Moving,366484.0,70956.0,70342.0,0.165738900739441,0.1549453167632716,0.1422620244901494,0.1521795737987475
2025-07-01,53,8843721,8821093,1098940.0,1101832.7053426106,Transportation and Material Moving,328671.0,69374.0,68559.0,0.1264547779915454,0.136328554854619,0.1380306259351071,0.1464519144548381
2025-08-01,53,8839260,8815171,1170643.0,1125135.1226429734,Transportation and Material Moving,332774.0,66784.0,66964.0,0.1513058893183226,0.1577329818607926,0.1293252245988726,0.1373860045434801
2025-09-01,53,8789936,8806886,1071116.0,1078623.6807920102,Transportation and Material Moving,293300.0,66439.0,65771.0,0.1262533195652759,0.1936635868413627,0.13000654417514,0.1412951483830672
2025-10-01,53,8788128,8794547,1017946.0,1018398.2232812428,Transportation and Material Moving,328455.0,67052.0,67453.0,0.1322154575675523,0.1347439797848023,0.1223563754386694,0.1391923679987945
2025-11-01,53,8794241,8788315,993185.0,1052402.247100434,Transportation and Material Moving,264164.0,68057.0,67877.0,0.1164444723414095,0.1081076750227773,0.120322648552799,0.1288308762027071
2025-12-01,53,8786356,8781608,936170.0,1038917.621972717,Transportation and Material Moving,146601.0,65305.0,66612.0,0.0899107393893794,0.1009656102379799,0.1201149648530027,0.1292798001561528
2026-01-01,53,8766579,8776476,986980.0,1008541.6944622706,Transportation and Material Moving,77240.0,69152.0,69133.0,0.1271259878650403,0.1543701616849967,0.1209913753844464,0.1280087513005569
2026-02-01,53,8746796,8767678,1020806.0,1020766.8004361942,Transportation and Material Moving,73470.0,68103.0,66494.0,0.0939572005257657,0.1211655398808272,0.113178167139548,0.1252185410399945
2026-03-01,53,8744083,8760916,983348.0,955846.0204953712,Transportation and Material Moving,61609.0,61459.0,61476.0,0.1014561033048185,0.1052204177174575,0.1109955447056654,0.1202575923458958
2026-04-01,53,8739085,8754848,963184.0,923432.8945061727,Transportation and Material Moving,64630.0,57784.0,60346.0,0.095597811399024,0.102488120596696,0.107776296769919,0.1160931163720093
2026-05-01,53,8755099,8742698,954824.0,976578.5733150388,Transportation and Material Moving,64945.0,60672.0,61834.0,0.1380055578380043,0.1160847086808244,0.1008056751199826,0.1174822273533014
2026-06-01,53,8753231,8730416,970363.0,978980.5187139594,Transportation and Material Moving,81676.0,63317.0,63797.0,0.1140385143002016,0.1166277915973083,0.0983466696061694,0.115229017183839
2026-07-01,53,8743915,8723063,1017328.0,974153.0703645524,Transportation and Material Moving,65007.0,61311.0,60845.0,0.0881466204466626,0.10095514878913,0.0981032006258793,0.1082181195842297
2026-08-01,53,8735754,8716020,933896.0,902915.7915671632,Transportation and Material Moving,93486.0,61885.0,59858.0,0.1216136803225529,0.1328662049513833,0.1038336360842437,0.1135323733992938
